[
{
  "model": "account.role",
  "pk": "buyer",
  "fields": {
    "name": "buyer"
  }
},
{
  "model": "account.role",
  "pk": "vendor",
  "fields": {
    "name": "Vendor"
  }
},
{
  "model": "account.customuser",
  "fields": {
    "password": "pbkdf2_sha256$1000000$gvqVY0yLAi0w5y2GOhZoQh$ce0RGmyO3CA8e7eEv0p7kpFBg0k5dP5gRbtBu0Kra9A=",
    "is_superuser": true,
    "first_name": "",
    "last_name": "",
    "is_staff": true,
    "is_active": true,
    "date_joined": "2025-04-29T14:35:21.197Z",
    "email": "joojogyamfi@gmail.com",
    "phone_number": "0242442147",
    "status": "active",
    "created_at": "2025-04-29T14:35:21.197Z",
    "last_login": "2025-07-02T17:15:50.324Z",
    "active": true,
    "email_verified": true,
    "phone_verified": true,
    "username": null,
    "groups": [],
    "user_permissions": [],
    "role": [
      "buyer",
      "vendor"
    ]
  }
},
{
  "model": "account.customuser",
  "fields": {
    "password": "pbkdf2_sha256$1000000$g2C22hGdsVi06XrKp46NQM$s7jWgn32K1trbx3mdHLtSF+gvbt6grZjZbLPuB8HStE=",
    "is_superuser": false,
    "first_name": "Mike",
    "last_name": "Todd",
    "is_staff": false,
    "is_active": true,
    "date_joined": "2025-05-09T14:48:55.106Z",
    "email": "",
    "phone_number": "0240836501",
    "status": "active",
    "created_at": "2025-05-09T14:48:55.106Z",
    "last_login": null,
    "active": true,
    "email_verified": true,
    "phone_verified": true,
    "username": null,
    "groups": [],
    "user_permissions": [],
    "role": [
      "buyer",
      "vendor"
    ]
  }
},
{
  "model": "account.customuser",
  "fields": {
    "password": "pbkdf2_sha256$1000000$Misoaw5Ar378JRU9xE3bpb$vzKCtJmt3U90ncpSoiA1GbBK8n/qyGiEbqCTcD/Pw8I=",
    "is_superuser": false,
    "first_name": "Mike",
    "last_name": "Gyamfi",
    "is_staff": false,
    "is_active": true,
    "date_joined": "2025-05-09T15:07:42.648Z",
    "email": "gyamfimichael613@gmail.com",
    "phone_number": "0272266444",
    "status": "active",
    "created_at": "2025-05-09T15:07:42.648Z",
    "last_login": null,
    "active": true,
    "email_verified": true,
    "phone_verified": true,
    "username": null,
    "groups": [],
    "user_permissions": [],
    "role": [
      "buyer",
      "vendor"
    ]
  }
},
{
  "model": "account.customuser",
  "fields": {
    "password": "pbkdf2_sha256$1000000$DZl5Neizcqj9MS9rvvypEm$se8VTpuD5LZc6Ya//oHvqznUOp71ZvO4JkMuBqUDGos=",
    "is_superuser": false,
    "first_name": "Dereck",
    "last_name": "Boateng",
    "is_staff": false,
    "is_active": true,
    "date_joined": "2025-06-16T10:27:55.281Z",
    "email": "cobbyboateng16@gmail.com",
    "phone_number": "0550013211",
    "status": "active",
    "created_at": "2025-06-16T10:27:55.281Z",
    "last_login": null,
    "active": false,
    "email_verified": false,
    "phone_verified": true,
    "username": null,
    "groups": [],
    "user_permissions": [],
    "role": [
      "buyer",
      "vendor"
    ]
  }
},
{
  "model": "account.customuser",
  "fields": {
    "password": "pbkdf2_sha256$1000000$E6UhBe2qddN6JhzqVxZbKc$RCf5rHtyOFBagm99yKLhc13cQuvJg6xSp1CMspTtnME=",
    "is_superuser": false,
    "first_name": "Santa",
    "last_name": "Clause",
    "is_staff": false,
    "is_active": true,
    "date_joined": "2025-06-16T10:30:32.170Z",
    "email": "sahada7@gmail.com",
    "phone_number": "0244748870",
    "status": "active",
    "created_at": "2025-06-16T10:30:32.170Z",
    "last_login": null,
    "active": false,
    "email_verified": false,
    "phone_verified": true,
    "username": null,
    "groups": [],
    "user_permissions": [],
    "role": [
      "buyer",
      "vendor"
    ]
  }
},
{
  "model": "account.customuser",
  "fields": {
    "password": "pbkdf2_sha256$1000000$jOAiqfwkqfPGfTIgKegEUx$7PbChjYj8PLn72U0R04s5JBG4ANXikLz+9aZ6YgQdXQ=",
    "is_superuser": false,
    "first_name": "Daniel",
    "last_name": "Afriyie",
    "is_staff": false,
    "is_active": true,
    "date_joined": "2025-06-16T10:30:59.430Z",
    "email": "dafriyie7@gmail.com",
    "phone_number": "0559154796",
    "status": "active",
    "created_at": "2025-06-16T10:30:59.430Z",
    "last_login": null,
    "active": false,
    "email_verified": false,
    "phone_verified": true,
    "username": null,
    "groups": [],
    "user_permissions": [],
    "role": [
      "buyer",
      "vendor"
    ]
  }
},
{
  "model": "account.customuser",
  "fields": {
    "password": "pbkdf2_sha256$1000000$JkG0SW5DpziHxOGMvsHLiu$VMDyTBBF9K+LPa41UrO5++V2uboe/tb4gPn8iA7e0nU=",
    "is_superuser": false,
    "first_name": "ISAAC",
    "last_name": "AWOTWI",
    "is_staff": false,
    "is_active": true,
    "date_joined": "2025-06-21T15:32:54.977Z",
    "email": "fredinatsu@gmail.com",
    "phone_number": "0242955370",
    "status": "active",
    "created_at": "2025-06-21T15:32:54.977Z",
    "last_login": null,
    "active": false,
    "email_verified": false,
    "phone_verified": true,
    "username": null,
    "groups": [],
    "user_permissions": [],
    "role": [
      "buyer"
    ]
  }
},
{
  "model": "account.customuser",
  "fields": {
    "password": "pbkdf2_sha256$1000000$qOR6dPuzxlgmHp0oIKxfAT$kVVP+MhxgHJXPuFWuLOw6BnoqNCMjduKAEH0jHEIf8s=",
    "is_superuser": false,
    "first_name": "Nii",
    "last_name": "Okai",
    "is_staff": false,
    "is_active": true,
    "date_joined": "2025-06-28T04:24:37.840Z",
    "email": null,
    "phone_number": "0244741697",
    "status": "active",
    "created_at": "2025-06-28T04:24:37.840Z",
    "last_login": null,
    "active": false,
    "email_verified": false,
    "phone_verified": true,
    "username": null,
    "groups": [],
    "user_permissions": [],
    "role": [
      "buyer"
    ]
  }
},
{
  "model": "account.customuser",
  "fields": {
    "password": "pbkdf2_sha256$1000000$q3JA3dudlIQyrjmNyRaR0c$vSMYKehvSXqEsbyrgNbLrRJk4HluZ1ob/zlTr75WLpI=",
    "is_superuser": false,
    "first_name": "Adrenaline",
    "last_name": "Smith",
    "is_staff": false,
    "is_active": true,
    "date_joined": "2025-06-30T09:16:43.486Z",
    "email": "michael.gyamfi@gi-kace.gov.gh",
    "phone_number": "0504866466",
    "status": "active",
    "created_at": "2025-06-30T09:16:43.486Z",
    "last_login": null,
    "active": false,
    "email_verified": false,
    "phone_verified": true,
    "username": null,
    "groups": [],
    "user_permissions": [],
    "role": [
      "buyer",
      "vendor"
    ]
  }
},
{
  "model": "account.customuser",
  "fields": {
    "password": "pbkdf2_sha256$1000000$EixAOXbxtuKseTdA2qPzXb$QKg3r2dB0XJEpbE+wnmj5DvejJlktIA2RLgViQXmOTE=",
    "is_superuser": false,
    "first_name": "Sahada",
    "last_name": "Doe",
    "is_staff": false,
    "is_active": true,
    "date_joined": "2025-06-30T14:12:20.139Z",
    "email": "zio@gmail.com",
    "phone_number": "0539265598",
    "status": "active",
    "created_at": "2025-06-30T14:12:20.139Z",
    "last_login": null,
    "active": false,
    "email_verified": false,
    "phone_verified": true,
    "username": null,
    "groups": [],
    "user_permissions": [],
    "role": [
      "buyer",
      "vendor"
    ]
  }
},
{
  "model": "account.customuser",
  "fields": {
    "password": "pbkdf2_sha256$1000000$LgZCdXuoO37nIfVgdryP9v$uZix/YJFTtOskLHz6w/fH0ClHYqUX5hXIoBlN5uOgoU=",
    "is_superuser": false,
    "first_name": "Agnes",
    "last_name": "Anese",
    "is_staff": false,
    "is_active": true,
    "date_joined": "2025-07-02T09:44:22.059Z",
    "email": "agnesan@gi-kace.gov.gh",
    "phone_number": "0249240633",
    "status": "active",
    "created_at": "2025-07-02T09:44:22.059Z",
    "last_login": null,
    "active": false,
    "email_verified": false,
    "phone_verified": true,
    "username": null,
    "groups": [],
    "user_permissions": [],
    "role": [
      "buyer",
      "vendor"
    ]
  }
},
{
  "model": "account.customuser",
  "fields": {
    "password": "pbkdf2_sha256$1000000$yCQcr4nLHHJzs3AHRPMRRT$koyUcCJL8WR2fupNSiEQEVKmT8vQRvQ0/2lPZc8jUIA=",
    "is_superuser": false,
    "first_name": "Owen",
    "last_name": "Asare",
    "is_staff": false,
    "is_active": true,
    "date_joined": "2025-07-02T10:19:58.722Z",
    "email": "asareowen2012@gmail.com",
    "phone_number": "0544011099",
    "status": "active",
    "created_at": "2025-07-02T10:19:58.722Z",
    "last_login": null,
    "active": false,
    "email_verified": false,
    "phone_verified": true,
    "username": null,
    "groups": [],
    "user_permissions": [],
    "role": [
      "buyer",
      "vendor"
    ]
  }
},
{
  "model": "account.customuser",
  "fields": {
    "password": "pbkdf2_sha256$1000000$qjceXV8yhI9Y3pNrzZBnic$sb0/Zdur0jrxOmYH5YGyZJWW1c8Lof+hEg9tIAwcwiQ=",
    "is_superuser": false,
    "first_name": "GEORGINA",
    "last_name": "AGBOZO",
    "is_staff": false,
    "is_active": true,
    "date_joined": "2025-07-02T10:22:46.528Z",
    "email": "ginanarteyfashion@gmail.com",
    "phone_number": "0507755574",
    "status": "active",
    "created_at": "2025-07-02T10:22:46.528Z",
    "last_login": null,
    "active": false,
    "email_verified": false,
    "phone_verified": true,
    "username": null,
    "groups": [],
    "user_permissions": [],
    "role": [
      "buyer",
      "vendor"
    ]
  }
},
{
  "model": "account.customuser",
  "fields": {
    "password": "pbkdf2_sha256$1000000$0QvZp0BEgwWqGV8BeU1ULR$wg45CJaqklUpAqy8dQw8+vD0eRxPHYTt/8VIoAgltpo=",
    "is_superuser": false,
    "first_name": "Esther",
    "last_name": "Adamtey",
    "is_staff": false,
    "is_active": true,
    "date_joined": "2025-07-02T10:23:45.530Z",
    "email": "estheradamtey0@gamil.com",
    "phone_number": "0593751029",
    "status": "active",
    "created_at": "2025-07-02T10:23:45.530Z",
    "last_login": null,
    "active": false,
    "email_verified": false,
    "phone_verified": true,
    "username": null,
    "groups": [],
    "user_permissions": [],
    "role": [
      "buyer",
      "vendor"
    ]
  }
},
{
  "model": "account.customuser",
  "fields": {
    "password": "pbkdf2_sha256$1000000$0Juq3SB5TjX9P3uGGnxULa$2qAo2cOa6voN0VpnQZF4DNlr4hWrheULrtdVsOw/uM8=",
    "is_superuser": false,
    "first_name": "AWATEY",
    "last_name": "BENEDICTA",
    "is_staff": false,
    "is_active": true,
    "date_joined": "2025-07-02T10:23:49.607Z",
    "email": "bawatey03@gmail.com",
    "phone_number": "0591007655",
    "status": "active",
    "created_at": "2025-07-02T10:23:49.607Z",
    "last_login": null,
    "active": false,
    "email_verified": false,
    "phone_verified": true,
    "username": null,
    "groups": [],
    "user_permissions": [],
    "role": [
      "buyer",
      "vendor"
    ]
  }
},
{
  "model": "account.customuser",
  "fields": {
    "password": "pbkdf2_sha256$1000000$rLAgdgFjUWe5pL3J8C3RdD$7XJXbW6P0a+/5/C7t8XqC00eUtU0S3AKNbsl4K6ZZJY=",
    "is_superuser": false,
    "first_name": "Deborah",
    "last_name": "Owusu",
    "is_staff": false,
    "is_active": true,
    "date_joined": "2025-07-02T10:23:51.210Z",
    "email": "d0wusudede98@gmailwww.com",
    "phone_number": "0531807570",
    "status": "active",
    "created_at": "2025-07-02T10:23:51.210Z",
    "last_login": null,
    "active": false,
    "email_verified": false,
    "phone_verified": true,
    "username": null,
    "groups": [],
    "user_permissions": [],
    "role": [
      "buyer",
      "vendor"
    ]
  }
},
{
  "model": "account.customuser",
  "fields": {
    "password": "pbkdf2_sha256$1000000$Giqi1yeTW7mVBsq4VEoSeB$ZfEwagFlNNDha2HcYTRa47y0xILz9deCBJlrNiznCuA=",
    "is_superuser": false,
    "first_name": "Ahaiku",
    "last_name": "Margaret",
    "is_staff": false,
    "is_active": true,
    "date_joined": "2025-07-02T10:23:52.474Z",
    "email": "ma.rg.ar.et.etronam02@gmailwww.com",
    "phone_number": "0531945319",
    "status": "active",
    "created_at": "2025-07-02T10:23:52.474Z",
    "last_login": null,
    "active": false,
    "email_verified": false,
    "phone_verified": true,
    "username": null,
    "groups": [],
    "user_permissions": [],
    "role": [
      "buyer",
      "vendor"
    ]
  }
},
{
  "model": "account.customuser",
  "fields": {
    "password": "pbkdf2_sha256$1000000$VWgVYiZlAbgjhCq0kELvzl$A9YGqgfVqJxQaMpSjTQHkCVWXLTddjolount1du9m10=",
    "is_superuser": false,
    "first_name": "Theresa",
    "last_name": "Nartey",
    "is_staff": false,
    "is_active": true,
    "date_joined": "2025-07-02T10:23:54.005Z",
    "email": "theresanartey75@gmail.com",
    "phone_number": "0543407417",
    "status": "active",
    "created_at": "2025-07-02T10:23:54.005Z",
    "last_login": null,
    "active": false,
    "email_verified": false,
    "phone_verified": true,
    "username": null,
    "groups": [],
    "user_permissions": [],
    "role": [
      "buyer",
      "vendor"
    ]
  }
},
{
  "model": "account.customuser",
  "fields": {
    "password": "pbkdf2_sha256$1000000$ZPPBu6jsr0jhLYqUGmAoBv$+A/QHqkevDsrG/jG5uJSNid/sOo+3gbrrpHIDk6zUVw=",
    "is_superuser": false,
    "first_name": "stella",
    "last_name": "terkper",
    "is_staff": false,
    "is_active": true,
    "date_joined": "2025-07-02T10:23:55.242Z",
    "email": "sterkper87@gmail.com",
    "phone_number": "0545443049",
    "status": "active",
    "created_at": "2025-07-02T10:23:55.242Z",
    "last_login": null,
    "active": false,
    "email_verified": false,
    "phone_verified": true,
    "username": null,
    "groups": [],
    "user_permissions": [],
    "role": [
      "buyer",
      "vendor"
    ]
  }
},
{
  "model": "account.customuser",
  "fields": {
    "password": "pbkdf2_sha256$1000000$Kz1TZMx7v5h30teJJlhntr$F5JfjRxIkl1m0V988RM5Fqh5MHgjJMPKKRVpmGAQkKA=",
    "is_superuser": false,
    "first_name": "Amankwaah",
    "last_name": "NAOMI",
    "is_staff": false,
    "is_active": true,
    "date_joined": "2025-07-02T10:23:56.505Z",
    "email": "namankwaah@gmail.com",
    "phone_number": "0542745325",
    "status": "active",
    "created_at": "2025-07-02T10:23:56.505Z",
    "last_login": null,
    "active": false,
    "email_verified": false,
    "phone_verified": true,
    "username": null,
    "groups": [],
    "user_permissions": [],
    "role": [
      "buyer"
    ]
  }
},
{
  "model": "account.customuser",
  "fields": {
    "password": "pbkdf2_sha256$1000000$Zhm8p9Q2usZyggWeILezVA$Enfq9k9Rm2S20/WguZQRFNjWioRySJEtgzejM1Ndfvc=",
    "is_superuser": false,
    "first_name": "Eugenia",
    "last_name": "Amanor",
    "is_staff": false,
    "is_active": true,
    "date_joined": "2025-07-02T10:24:05.260Z",
    "email": "eugenia1999@gmail.com",
    "phone_number": "0537635120",
    "status": "active",
    "created_at": "2025-07-02T10:24:05.260Z",
    "last_login": null,
    "active": false,
    "email_verified": false,
    "phone_verified": true,
    "username": null,
    "groups": [],
    "user_permissions": [],
    "role": [
      "buyer",
      "vendor"
    ]
  }
},
{
  "model": "account.customuser",
  "fields": {
    "password": "pbkdf2_sha256$1000000$fVi2WOrBPybW2ZVFikWrwf$F5momgiCkcCI8kLFKEZg2w2Jj+ryb++0oykprnOWLkc=",
    "is_superuser": false,
    "first_name": "Eunice",
    "last_name": "Amoakoatta",
    "is_staff": false,
    "is_active": true,
    "date_joined": "2025-07-02T10:24:06.901Z",
    "email": "eamoakoatta99@gmail.com",
    "phone_number": "0597369936",
    "status": "active",
    "created_at": "2025-07-02T10:24:06.901Z",
    "last_login": null,
    "active": false,
    "email_verified": false,
    "phone_verified": true,
    "username": null,
    "groups": [],
    "user_permissions": [],
    "role": [
      "buyer",
      "vendor"
    ]
  }
},
{
  "model": "account.customuser",
  "fields": {
    "password": "pbkdf2_sha256$1000000$tiuyFQWkwIgJE9tf1bJLeG$pC7tbo+EINLIXEKm8o3zDe7cYSj2ogV3BkjdieMHmlY=",
    "is_superuser": false,
    "first_name": "BENEDICTA",
    "last_name": "AHIAGBE",
    "is_staff": false,
    "is_active": true,
    "date_joined": "2025-07-02T10:24:08.113Z",
    "email": "benedictaahiagbe72@gmail.com",
    "phone_number": "0550809410",
    "status": "active",
    "created_at": "2025-07-02T10:24:08.113Z",
    "last_login": null,
    "active": false,
    "email_verified": false,
    "phone_verified": true,
    "username": null,
    "groups": [],
    "user_permissions": [],
    "role": [
      "buyer",
      "vendor"
    ]
  }
},
{
  "model": "account.customuser",
  "fields": {
    "password": "pbkdf2_sha256$1000000$vwTPuEg6wfgmqDqGPIu9xg$x9bswfBu4RObZUqIRHdO29DFq62qyYu7XmqmKOzWCZw=",
    "is_superuser": false,
    "first_name": "deborah",
    "last_name": "akoso",
    "is_staff": false,
    "is_active": true,
    "date_joined": "2025-07-02T10:24:12.711Z",
    "email": "akdeborah56@gmail.com",
    "phone_number": "0537272029",
    "status": "active",
    "created_at": "2025-07-02T10:24:12.711Z",
    "last_login": null,
    "active": false,
    "email_verified": false,
    "phone_verified": true,
    "username": null,
    "groups": [],
    "user_permissions": [],
    "role": [
      "buyer",
      "vendor"
    ]
  }
},
{
  "model": "account.customuser",
  "fields": {
    "password": "pbkdf2_sha256$1000000$8leCmt8GI1iMSPmJNwpkzv$XqFZHf1dAIST3ZmzJ8r7CV+75kXXxHr/9JQMHIclCYs=",
    "is_superuser": false,
    "first_name": "Esther",
    "last_name": "Yohuno",
    "is_staff": false,
    "is_active": true,
    "date_joined": "2025-07-02T10:25:06.222Z",
    "email": "eyohuno03@gmail.com",
    "phone_number": "0593018674",
    "status": "active",
    "created_at": "2025-07-02T10:25:06.222Z",
    "last_login": null,
    "active": false,
    "email_verified": false,
    "phone_verified": true,
    "username": null,
    "groups": [],
    "user_permissions": [],
    "role": [
      "buyer",
      "vendor"
    ]
  }
},
{
  "model": "account.customuser",
  "fields": {
    "password": "pbkdf2_sha256$1000000$HGBTkJeS3qlU98LoAmwPJd$lfCtWVWUCxxbLZKfNONsM1N6OlcjviGW/gtTSs5GwO0=",
    "is_superuser": false,
    "first_name": "Bernice",
    "last_name": "Donkor",
    "is_staff": false,
    "is_active": true,
    "date_joined": "2025-07-02T10:25:53.268Z",
    "email": "berniceadjingmerkie@gmail.com",
    "phone_number": "0204052805",
    "status": "active",
    "created_at": "2025-07-02T10:25:53.268Z",
    "last_login": null,
    "active": false,
    "email_verified": false,
    "phone_verified": true,
    "username": null,
    "groups": [],
    "user_permissions": [],
    "role": [
      "buyer",
      "vendor"
    ]
  }
},
{
  "model": "account.customuser",
  "fields": {
    "password": "pbkdf2_sha256$1000000$x4DZM51cXrXg29OUuNpUKM$ve+nnOQp2Ih16Jxywp4KNez84E08dcu088quA09Z/9E=",
    "is_superuser": false,
    "first_name": "Emma",
    "last_name": "oteng",
    "is_staff": false,
    "is_active": true,
    "date_joined": "2025-07-02T10:26:23.510Z",
    "email": "aimaoteng601@gmail.com",
    "phone_number": "0537011065",
    "status": "active",
    "created_at": "2025-07-02T10:26:23.510Z",
    "last_login": null,
    "active": false,
    "email_verified": false,
    "phone_verified": true,
    "username": null,
    "groups": [],
    "user_permissions": [],
    "role": [
      "buyer",
      "vendor"
    ]
  }
},
{
  "model": "account.customuser",
  "fields": {
    "password": "pbkdf2_sha256$1000000$6qXJgjWEEcBzEVdBXXaEfQ$MAJAeqPcgXmifRizGCa/SJCNMa2+a/dCb60vVgRPUdw=",
    "is_superuser": false,
    "first_name": "Bernice",
    "last_name": "amkwata",
    "is_staff": false,
    "is_active": true,
    "date_joined": "2025-07-02T10:26:24.980Z",
    "email": "bamakwata19gmai@l.com",
    "phone_number": "0545584709",
    "status": "active",
    "created_at": "2025-07-02T10:26:24.980Z",
    "last_login": null,
    "active": false,
    "email_verified": false,
    "phone_verified": true,
    "username": null,
    "groups": [],
    "user_permissions": [],
    "role": [
      "buyer",
      "vendor"
    ]
  }
},
{
  "model": "account.customuser",
  "fields": {
    "password": "pbkdf2_sha256$1000000$7p0XZG5G0VUrKVZS5CgQu3$G6wZ5FIXJ7J9b7tglV7W+rBkazEJ0ocZQOTSjVuseIY=",
    "is_superuser": false,
    "first_name": "patricia",
    "last_name": "terkpertey",
    "is_staff": false,
    "is_active": true,
    "date_joined": "2025-07-02T10:28:03.572Z",
    "email": "pt.kper.tey94@gmail.com",
    "phone_number": "0245512207",
    "status": "active",
    "created_at": "2025-07-02T10:28:03.572Z",
    "last_login": null,
    "active": false,
    "email_verified": false,
    "phone_verified": true,
    "username": null,
    "groups": [],
    "user_permissions": [],
    "role": [
      "buyer",
      "vendor"
    ]
  }
},
{
  "model": "account.customuser",
  "fields": {
    "password": "pbkdf2_sha256$1000000$8vLIDRWiFNpoRDjU4Nxvqp$IQfpU/+EkW2gi/mBFMOxvYlH91iP5gDDhfcyTbkbMeI=",
    "is_superuser": false,
    "first_name": "Mary",
    "last_name": "kwao",
    "is_staff": false,
    "is_active": true,
    "date_joined": "2025-07-02T10:28:16.448Z",
    "email": "marykwao06@gmail.com",
    "phone_number": "0538137421",
    "status": "active",
    "created_at": "2025-07-02T10:28:16.448Z",
    "last_login": null,
    "active": false,
    "email_verified": false,
    "phone_verified": true,
    "username": null,
    "groups": [],
    "user_permissions": [],
    "role": [
      "buyer"
    ]
  }
},
{
  "model": "account.customuser",
  "fields": {
    "password": "pbkdf2_sha256$1000000$DCYqLbWY094Mks6TKAkunK$PLjyq43PV9HF4+ymIh3vOfz9G6MnZIKLap0pVkHEtYk=",
    "is_superuser": false,
    "first_name": "Daniel",
    "last_name": "Napoleon",
    "is_staff": false,
    "is_active": true,
    "date_joined": "2025-07-02T10:41:23.004Z",
    "email": null,
    "phone_number": "0555583811",
    "status": "active",
    "created_at": "2025-07-02T10:41:23.004Z",
    "last_login": null,
    "active": false,
    "email_verified": false,
    "phone_verified": true,
    "username": null,
    "groups": [],
    "user_permissions": [],
    "role": [
      "buyer"
    ]
  }
},
{
  "model": "account.customuser",
  "fields": {
    "password": "pbkdf2_sha256$1000000$XIiUQzvtSdobjvTWr8WAuc$tyX/9hhKG9Mqt7OC8arnWTBk3KM8RzKYFoQdj0Ys+Zk=",
    "is_superuser": false,
    "first_name": "Kojo",
    "last_name": "Donkor",
    "is_staff": false,
    "is_active": true,
    "date_joined": "2025-07-02T10:45:39.576Z",
    "email": null,
    "phone_number": "0508113152",
    "status": "active",
    "created_at": "2025-07-02T10:45:39.576Z",
    "last_login": null,
    "active": false,
    "email_verified": false,
    "phone_verified": true,
    "username": null,
    "groups": [],
    "user_permissions": [],
    "role": [
      "buyer"
    ]
  }
},
{
  "model": "account.customuser",
  "fields": {
    "password": "pbkdf2_sha256$1000000$9Wl85ekDBnkylfGQy5QqGa$Q+S5t5tERl2lNwUjTnG+riuAio1hfUuZJcx+Y7wnDVs=",
    "is_superuser": false,
    "first_name": "Kwabena",
    "last_name": "Akaboah",
    "is_staff": false,
    "is_active": true,
    "date_joined": "2025-07-02T10:48:52.456Z",
    "email": null,
    "phone_number": "0509503203",
    "status": "active",
    "created_at": "2025-07-02T10:48:52.456Z",
    "last_login": null,
    "active": false,
    "email_verified": false,
    "phone_verified": true,
    "username": null,
    "groups": [],
    "user_permissions": [],
    "role": [
      "buyer"
    ]
  }
},
{
  "model": "account.customuser",
  "fields": {
    "password": "pbkdf2_sha256$1000000$dX72ZDOeCp4EUw9s8Lw7S7$vMr5bir/OxjBEJbqitWF4aT8Rck/1J9OLV1HJi1wG+8=",
    "is_superuser": false,
    "first_name": "Evans",
    "last_name": "Narh",
    "is_staff": false,
    "is_active": true,
    "date_joined": "2025-07-02T10:51:41.184Z",
    "email": "evansnarh580@gmail.com",
    "phone_number": "0203163642",
    "status": "active",
    "created_at": "2025-07-02T10:51:41.184Z",
    "last_login": null,
    "active": false,
    "email_verified": false,
    "phone_verified": true,
    "username": null,
    "groups": [],
    "user_permissions": [],
    "role": [
      "buyer"
    ]
  }
},
{
  "model": "account.customuser",
  "fields": {
    "password": "pbkdf2_sha256$1000000$pXYCjcg4AdTedZu8yIXMAL$hmWbc/MmeB6R7f2Rjes6kjvdUQ8EPA/IQHp7Nb0qHtI=",
    "is_superuser": false,
    "first_name": "Genevieve",
    "last_name": "Owiradu",
    "is_staff": false,
    "is_active": true,
    "date_joined": "2025-07-02T11:18:54.650Z",
    "email": null,
    "phone_number": "0537409229",
    "status": "active",
    "created_at": "2025-07-02T11:18:54.650Z",
    "last_login": null,
    "active": false,
    "email_verified": false,
    "phone_verified": true,
    "username": null,
    "groups": [],
    "user_permissions": [],
    "role": [
      "buyer"
    ]
  }
},
{
  "model": "account.customuser",
  "fields": {
    "password": "pbkdf2_sha256$1000000$AWqIqydcNNYG2QXfMR9mXe$lIp3MmrUPp1kBvPVEGnQFjp+Gt6nhynfoW7A/ZSW5jI=",
    "is_superuser": false,
    "first_name": "OJHAY'S",
    "last_name": "DECOR",
    "is_staff": false,
    "is_active": true,
    "date_joined": "2025-07-02T14:30:11.510Z",
    "email": "minajbrainy@gmail.com",
    "phone_number": "0207236419",
    "status": "active",
    "created_at": "2025-07-02T14:30:11.510Z",
    "last_login": null,
    "active": false,
    "email_verified": false,
    "phone_verified": true,
    "username": null,
    "groups": [],
    "user_permissions": [],
    "role": [
      "buyer",
      "vendor"
    ]
  }
},
{
  "model": "account.customuser",
  "fields": {
    "password": "pbkdf2_sha256$1000000$KWhQCO8kk7X520OizG60sj$bqHUcBMkZjp7TWsl/GpBXrn5mNEbXknveJflBl6P5DE=",
    "is_superuser": false,
    "first_name": "Kate",
    "last_name": "Ganyo",
    "is_staff": false,
    "is_active": true,
    "date_joined": "2025-07-02T14:30:42.092Z",
    "email": "ganyo@mail.com",
    "phone_number": "0246065830",
    "status": "active",
    "created_at": "2025-07-02T14:30:42.092Z",
    "last_login": null,
    "active": false,
    "email_verified": false,
    "phone_verified": true,
    "username": null,
    "groups": [],
    "user_permissions": [],
    "role": [
      "buyer",
      "vendor"
    ]
  }
},
{
  "model": "account.customuser",
  "fields": {
    "password": "pbkdf2_sha256$1000000$jdvyqgWKucno9iDPyzcPsj$0hpAnYxYN27GUvvLp3h6s+dJ8BGvDRn2e8Yn+03ihro=",
    "is_superuser": false,
    "first_name": "Mabel",
    "last_name": "Terkuor",
    "is_staff": false,
    "is_active": true,
    "date_joined": "2025-07-02T14:30:44.263Z",
    "email": "adormekwaomabel@gmail.com",
    "phone_number": "0543516631",
    "status": "active",
    "created_at": "2025-07-02T14:30:44.263Z",
    "last_login": null,
    "active": false,
    "email_verified": false,
    "phone_verified": true,
    "username": null,
    "groups": [],
    "user_permissions": [],
    "role": [
      "buyer",
      "vendor"
    ]
  }
},
{
  "model": "account.customuser",
  "fields": {
    "password": "pbkdf2_sha256$1000000$NNBapwKwdqNmoeKhjWTt9P$iPr0viwWS5l2/lv2oYUNpvQwknXX2eShvDu2BNDVZfs=",
    "is_superuser": false,
    "first_name": "Linda",
    "last_name": "Tetteh",
    "is_staff": false,
    "is_active": true,
    "date_joined": "2025-07-02T14:30:46.152Z",
    "email": "lindat@mail.com",
    "phone_number": "0246460178",
    "status": "active",
    "created_at": "2025-07-02T14:30:46.152Z",
    "last_login": null,
    "active": false,
    "email_verified": false,
    "phone_verified": true,
    "username": null,
    "groups": [],
    "user_permissions": [],
    "role": [
      "buyer",
      "vendor"
    ]
  }
},
{
  "model": "account.customuser",
  "fields": {
    "password": "pbkdf2_sha256$1000000$ROEu7XqjJeJqkKApt8Mqx9$yhJBQNb+nfNaViItb3Pk+t3bsNBHZNiqTn5SDpVqXbw=",
    "is_superuser": false,
    "first_name": "Rachael",
    "last_name": "Dede",
    "is_staff": false,
    "is_active": true,
    "date_joined": "2025-07-02T14:30:48.203Z",
    "email": "rachael@mail.com",
    "phone_number": "0594633317",
    "status": "active",
    "created_at": "2025-07-02T14:30:48.203Z",
    "last_login": null,
    "active": false,
    "email_verified": false,
    "phone_verified": true,
    "username": null,
    "groups": [],
    "user_permissions": [],
    "role": [
      "buyer",
      "vendor"
    ]
  }
},
{
  "model": "account.customuser",
  "fields": {
    "password": "pbkdf2_sha256$1000000$HlCWh32ODXCTXVYaeYWVLR$s29yF57qPLiTYa9jA+mPjyoBszvRIlbAFqP9LNwHFnY=",
    "is_superuser": false,
    "first_name": "Perpetual",
    "last_name": "Narh",
    "is_staff": false,
    "is_active": true,
    "date_joined": "2025-07-02T14:30:56.639Z",
    "email": "narh@mail.com",
    "phone_number": "0543863708",
    "status": "active",
    "created_at": "2025-07-02T14:30:56.639Z",
    "last_login": null,
    "active": false,
    "email_verified": false,
    "phone_verified": true,
    "username": null,
    "groups": [],
    "user_permissions": [],
    "role": [
      "buyer",
      "vendor"
    ]
  }
},
{
  "model": "account.customuser",
  "fields": {
    "password": "pbkdf2_sha256$1000000$lMcyCvb8egZJ43YpQvPTvg$cJmcxTTAsRiTDEBPIdKV5ixocHsNpEmGVn914ssnOWo=",
    "is_superuser": false,
    "first_name": "Christiana",
    "last_name": "Osaka",
    "is_staff": false,
    "is_active": true,
    "date_joined": "2025-07-02T14:31:11.202Z",
    "email": "osaka@mail.com",
    "phone_number": "0538078226",
    "status": "active",
    "created_at": "2025-07-02T14:31:11.202Z",
    "last_login": null,
    "active": false,
    "email_verified": false,
    "phone_verified": true,
    "username": null,
    "groups": [],
    "user_permissions": [],
    "role": [
      "buyer",
      "vendor"
    ]
  }
},
{
  "model": "account.customuser",
  "fields": {
    "password": "pbkdf2_sha256$1000000$d1MADXcWyr6lvjetAcZQM4$+Gyvr3i5ObZNpPbqAWOQqcZntTabGV3lTjm6x4vgr4g=",
    "is_superuser": false,
    "first_name": "Grace",
    "last_name": "Tetteh",
    "is_staff": false,
    "is_active": true,
    "date_joined": "2025-07-02T14:31:27.397Z",
    "email": "grace@mail.com",
    "phone_number": "0201690688",
    "status": "active",
    "created_at": "2025-07-02T14:31:27.397Z",
    "last_login": null,
    "active": false,
    "email_verified": false,
    "phone_verified": true,
    "username": null,
    "groups": [],
    "user_permissions": [],
    "role": [
      "buyer",
      "vendor"
    ]
  }
},
{
  "model": "account.customuser",
  "fields": {
    "password": "pbkdf2_sha256$1000000$zP4yxfqozfglK5AJxXaJSG$ZInvq2tuPCqtOj3lljlF2nKiTkSDxPi/NFLChljQF1M=",
    "is_superuser": false,
    "first_name": "Tettey",
    "last_name": "Gloria",
    "is_staff": false,
    "is_active": true,
    "date_joined": "2025-07-02T14:31:44.647Z",
    "email": "gloria@mail.com",
    "phone_number": "0551941314",
    "status": "active",
    "created_at": "2025-07-02T14:31:44.647Z",
    "last_login": null,
    "active": false,
    "email_verified": false,
    "phone_verified": true,
    "username": null,
    "groups": [],
    "user_permissions": [],
    "role": [
      "buyer",
      "vendor"
    ]
  }
},
{
  "model": "account.customuser",
  "fields": {
    "password": "pbkdf2_sha256$1000000$p3zvMwbDglIudR1e3sJe59$BRyDqUlOuwjWLXr5x6ghCKR5uhXthJ1DL6GRIYiZ1qI=",
    "is_superuser": false,
    "first_name": "Esther",
    "last_name": "Djabatey",
    "is_staff": false,
    "is_active": true,
    "date_joined": "2025-07-02T14:31:49.851Z",
    "email": "estherdjabatey75@gmail.com",
    "phone_number": "0246374974",
    "status": "active",
    "created_at": "2025-07-02T14:31:49.851Z",
    "last_login": null,
    "active": false,
    "email_verified": false,
    "phone_verified": true,
    "username": null,
    "groups": [],
    "user_permissions": [],
    "role": [
      "buyer",
      "vendor"
    ]
  }
},
{
  "model": "account.customuser",
  "fields": {
    "password": "pbkdf2_sha256$1000000$4fB6KvaQKExP0hnmEizYui$0sdLP6hQ1i0k0dxbB4Wy8wfzgU7TudHiKbBKQtkGk/E=",
    "is_superuser": false,
    "first_name": "Gladys",
    "last_name": "Narteh",
    "is_staff": false,
    "is_active": true,
    "date_joined": "2025-07-02T14:31:52.235Z",
    "email": "narteh@mail.com",
    "phone_number": "0555733413",
    "status": "active",
    "created_at": "2025-07-02T14:31:52.235Z",
    "last_login": null,
    "active": false,
    "email_verified": false,
    "phone_verified": true,
    "username": null,
    "groups": [],
    "user_permissions": [],
    "role": [
      "buyer",
      "vendor"
    ]
  }
},
{
  "model": "account.customuser",
  "fields": {
    "password": "pbkdf2_sha256$1000000$og9kjJvIpSc5F95eXvngb0$dSokDPd0tUQj02P/z1iZxJe7ncQykvg6/LRN4mLNpWs=",
    "is_superuser": false,
    "first_name": "Danso",
    "last_name": "Gladys",
    "is_staff": false,
    "is_active": true,
    "date_joined": "2025-07-02T14:32:05.507Z",
    "email": "gdansokorkor97@gmail.com",
    "phone_number": "0531580658",
    "status": "active",
    "created_at": "2025-07-02T14:32:05.507Z",
    "last_login": null,
    "active": false,
    "email_verified": false,
    "phone_verified": true,
    "username": null,
    "groups": [],
    "user_permissions": [],
    "role": [
      "buyer",
      "vendor"
    ]
  }
},
{
  "model": "account.customuser",
  "fields": {
    "password": "pbkdf2_sha256$1000000$Pvy7JJx4l20KPIWEESZIlQ$9eQKK6gbiFs9i9MXslFoIxr3AZVUCgBwKOy2iCMx/OM=",
    "is_superuser": false,
    "first_name": "Linda",
    "last_name": "Tetteh",
    "is_staff": false,
    "is_active": true,
    "date_joined": "2025-07-02T14:32:11.817Z",
    "email": "tetteh@mail.com",
    "phone_number": "0544810587",
    "status": "active",
    "created_at": "2025-07-02T14:32:11.817Z",
    "last_login": null,
    "active": false,
    "email_verified": false,
    "phone_verified": true,
    "username": null,
    "groups": [],
    "user_permissions": [],
    "role": [
      "buyer",
      "vendor"
    ]
  }
},
{
  "model": "account.customuser",
  "fields": {
    "password": "pbkdf2_sha256$1000000$qMLQZbASmYjVFKb6WXco80$x/cVKQqhLk1TEod7ru/0u7DZipsW8wM5+6pjDFEnpZw=",
    "is_superuser": false,
    "first_name": "amewuda",
    "last_name": "victoria doe",
    "is_staff": false,
    "is_active": true,
    "date_joined": "2025-07-02T14:32:18.402Z",
    "email": "di-doevictoriaamewuda@gmail.com",
    "phone_number": "0203458440",
    "status": "active",
    "created_at": "2025-07-02T14:32:18.402Z",
    "last_login": null,
    "active": false,
    "email_verified": false,
    "phone_verified": true,
    "username": null,
    "groups": [],
    "user_permissions": [],
    "role": [
      "buyer",
      "vendor"
    ]
  }
},
{
  "model": "account.customuser",
  "fields": {
    "password": "pbkdf2_sha256$1000000$NdBtNY2M3ZX97B4mo8J4nA$r9x9ILh/fqZSHyc7auIuF8DCTDFB/wRQJNLy9K57uuw=",
    "is_superuser": false,
    "first_name": "Joyce",
    "last_name": "dede",
    "is_staff": false,
    "is_active": true,
    "date_joined": "2025-07-02T14:32:31.466Z",
    "email": "dede@mail.com",
    "phone_number": "0545985668",
    "status": "active",
    "created_at": "2025-07-02T14:32:31.466Z",
    "last_login": null,
    "active": false,
    "email_verified": false,
    "phone_verified": true,
    "username": null,
    "groups": [],
    "user_permissions": [],
    "role": [
      "buyer",
      "vendor"
    ]
  }
},
{
  "model": "account.customuser",
  "fields": {
    "password": "pbkdf2_sha256$1000000$du6C7zk3PRAQHeNAPop6bE$I6rjXBUZlIN5EcawPd3/cetWBOZn8TPRgTQWOIp9MWE=",
    "is_superuser": false,
    "first_name": "ELIZABETH",
    "last_name": "NARTEH",
    "is_staff": false,
    "is_active": true,
    "date_joined": "2025-07-02T14:34:20.525Z",
    "email": "enarteh@gmail.com",
    "phone_number": "0549656196",
    "status": "active",
    "created_at": "2025-07-02T14:34:20.525Z",
    "last_login": null,
    "active": false,
    "email_verified": false,
    "phone_verified": true,
    "username": null,
    "groups": [],
    "user_permissions": [],
    "role": [
      "buyer",
      "vendor"
    ]
  }
},
{
  "model": "account.customuser",
  "fields": {
    "password": "pbkdf2_sha256$1000000$CpnOP0gXs4axYZcaL2Cdpk$dgzv68U0Diy7+CxhW3sdgK0zV0yniy8NviQ50uIim/0=",
    "is_superuser": false,
    "first_name": "Ritabb",
    "last_name": "bedu",
    "is_staff": false,
    "is_active": true,
    "date_joined": "2025-07-02T14:37:38.465Z",
    "email": "bedurita78@gmail.com",
    "phone_number": "0242522671",
    "status": "active",
    "created_at": "2025-07-02T14:37:38.465Z",
    "last_login": null,
    "active": false,
    "email_verified": false,
    "phone_verified": true,
    "username": null,
    "groups": [],
    "user_permissions": [],
    "role": [
      "buyer",
      "vendor"
    ]
  }
},
{
  "model": "account.customuser",
  "fields": {
    "password": "pbkdf2_sha256$1000000$jSzX8cMNV3xoQRLTi9TDqD$qL1yvAsRfYaGFIQDg3YLMU9GlWVcNk7S/9/quqXK+9A=",
    "is_superuser": false,
    "first_name": "Esther",
    "last_name": "Asumeni",
    "is_staff": false,
    "is_active": true,
    "date_joined": "2025-07-02T14:38:25.140Z",
    "email": "asumeni@mail.com",
    "phone_number": "0549649141",
    "status": "active",
    "created_at": "2025-07-02T14:38:25.140Z",
    "last_login": null,
    "active": false,
    "email_verified": false,
    "phone_verified": true,
    "username": null,
    "groups": [],
    "user_permissions": [],
    "role": [
      "buyer",
      "vendor"
    ]
  }
},
{
  "model": "account.customuser",
  "fields": {
    "password": "pbkdf2_sha256$1000000$zCHjULlxgx3bneYlhr2iPg$i8uUM9p+y9bjulpboFUVAkPOHforCQaG5AYbweruqik=",
    "is_superuser": true,
    "first_name": "",
    "last_name": "",
    "is_staff": true,
    "is_active": true,
    "date_joined": "2025-07-02T17:22:30.344Z",
    "email": "traineradmin1@gmail.com",
    "phone_number": "0200000001",
    "status": "active",
    "created_at": "2025-07-02T17:22:30.344Z",
    "last_login": null,
    "active": true,
    "email_verified": true,
    "phone_verified": true,
    "username": null,
    "groups": [],
    "user_permissions": [],
    "role": [
      "buyer"
    ]
  }
},
{
  "model": "account.customuser",
  "fields": {
    "password": "pbkdf2_sha256$1000000$RPSJRL1E67c5wYlIB6q1OK$hFOL6pjMHP3Nk6jsYMC21u0J3bcCmqdae+RH6IJk35o=",
    "is_superuser": false,
    "first_name": "Genevieve",
    "last_name": "Owiradu",
    "is_staff": false,
    "is_active": true,
    "date_joined": "2025-07-03T08:42:22.355Z",
    "email": "gene@mail.com",
    "phone_number": "0554928603",
    "status": "active",
    "created_at": "2025-07-03T08:42:22.355Z",
    "last_login": null,
    "active": false,
    "email_verified": false,
    "phone_verified": true,
    "username": null,
    "groups": [],
    "user_permissions": [],
    "role": [
      "buyer",
      "vendor"
    ]
  }
},
{
  "model": "account.customuser",
  "fields": {
    "password": "pbkdf2_sha256$1000000$aeiihJ9cCfW5YkEDrw7Lze$UjyfFGf4fV6fgaGkV7I6ok+iiPsY+rStf4CUO3tl8JE=",
    "is_superuser": false,
    "first_name": "Evelyn",
    "last_name": "Owusu",
    "is_staff": false,
    "is_active": true,
    "date_joined": "2025-07-03T11:01:01.260Z",
    "email": "evekua2001@gmail.com",
    "phone_number": "0552565648",
    "status": "active",
    "created_at": "2025-07-03T11:01:01.260Z",
    "last_login": null,
    "active": false,
    "email_verified": false,
    "phone_verified": true,
    "username": null,
    "groups": [],
    "user_permissions": [],
    "role": [
      "buyer",
      "vendor"
    ]
  }
},
{
  "model": "account.customuser",
  "fields": {
    "password": "pbkdf2_sha256$1000000$e72PI3rCJIPOorO8r1xpsL$seMt7w8GpRLOD0QRzbkGuz/69CtYBVlcAQWJKga86+s=",
    "is_superuser": false,
    "first_name": "rahael",
    "last_name": "frimpong",
    "is_staff": false,
    "is_active": true,
    "date_joined": "2025-07-03T11:16:10.288Z",
    "email": "rahaelfrimpong30@gmail.com",
    "phone_number": "0556308793",
    "status": "active",
    "created_at": "2025-07-03T11:16:10.288Z",
    "last_login": null,
    "active": false,
    "email_verified": false,
    "phone_verified": true,
    "username": null,
    "groups": [],
    "user_permissions": [],
    "role": [
      "buyer",
      "vendor"
    ]
  }
},
{
  "model": "account.customuser",
  "fields": {
    "password": "pbkdf2_sha256$1000000$RH1zFV0eqbGnRo5ewAGVZC$6Y7JpZjbGU6XPWziIT5Yeu/VK2t8v2KpqQYLDW1OxPM=",
    "is_superuser": false,
    "first_name": "Racheal",
    "last_name": "Gyamfi",
    "is_staff": false,
    "is_active": true,
    "date_joined": "2025-07-03T11:16:21.445Z",
    "email": "gyamfir474@gmail.com",
    "phone_number": "0246815739",
    "status": "active",
    "created_at": "2025-07-03T11:16:21.445Z",
    "last_login": null,
    "active": false,
    "email_verified": false,
    "phone_verified": true,
    "username": null,
    "groups": [],
    "user_permissions": [],
    "role": [
      "buyer",
      "vendor"
    ]
  }
},
{
  "model": "account.customuser",
  "fields": {
    "password": "pbkdf2_sha256$1000000$Hqmwe6NvL4IhsFIDOp4fMi$gX3tIYVrm0xH5Fug+y9wQ0zoyIjD82lcH+jxxSNZc0w=",
    "is_superuser": false,
    "first_name": "Adwoa",
    "last_name": "Addai Kwarteng",
    "is_staff": false,
    "is_active": true,
    "date_joined": "2025-07-03T11:17:26.030Z",
    "email": "adwoa@mail.com",
    "phone_number": "0257681795",
    "status": "active",
    "created_at": "2025-07-03T11:17:26.030Z",
    "last_login": null,
    "active": false,
    "email_verified": false,
    "phone_verified": true,
    "username": null,
    "groups": [],
    "user_permissions": [],
    "role": [
      "buyer",
      "vendor"
    ]
  }
},
{
  "model": "account.customuser",
  "fields": {
    "password": "pbkdf2_sha256$1000000$MLEIofl3iSY49Uwmrdzs2S$v36R4FzTYM9PZ8N0RDJ+hC7cmtrVfciXYYc1yKvI798=",
    "is_superuser": false,
    "first_name": "Matilda",
    "last_name": "Andzie kouffie",
    "is_staff": false,
    "is_active": true,
    "date_joined": "2025-07-03T11:20:40.202Z",
    "email": "matilda@mail.com",
    "phone_number": "0546246567",
    "status": "active",
    "created_at": "2025-07-03T11:20:40.202Z",
    "last_login": null,
    "active": false,
    "email_verified": false,
    "phone_verified": true,
    "username": null,
    "groups": [],
    "user_permissions": [],
    "role": [
      "buyer",
      "vendor"
    ]
  }
},
{
  "model": "account.customuser",
  "fields": {
    "password": "pbkdf2_sha256$1000000$VEiQ3wGnw90l5sT4jNalU1$ArvqZOc40kpc3LTDbKcK3KNqtkACU2sCkKWxk+wydB4=",
    "is_superuser": false,
    "first_name": "Mary",
    "last_name": "Asampana",
    "is_staff": false,
    "is_active": true,
    "date_joined": "2025-07-03T11:20:41.457Z",
    "email": "mary@mail.com",
    "phone_number": "0544710750",
    "status": "active",
    "created_at": "2025-07-03T11:20:41.457Z",
    "last_login": null,
    "active": false,
    "email_verified": false,
    "phone_verified": true,
    "username": null,
    "groups": [],
    "user_permissions": [],
    "role": [
      "buyer",
      "vendor"
    ]
  }
},
{
  "model": "account.customuser",
  "fields": {
    "password": "pbkdf2_sha256$1000000$z0inQTu57TtYm1mDBwG2vb$8Bp5lwklqq9GIVguDvhLGnv9egTaKz9hpRCIxIhS3YI=",
    "is_superuser": false,
    "first_name": "",
    "last_name": "",
    "is_staff": false,
    "is_active": true,
    "date_joined": "2025-07-03T11:20:44.717Z",
    "email": "elizabeth@mail.com",
    "phone_number": "",
    "status": "active",
    "created_at": "2025-07-03T11:20:44.717Z",
    "last_login": null,
    "active": false,
    "email_verified": false,
    "phone_verified": true,
    "username": null,
    "groups": [],
    "user_permissions": [],
    "role": [
      "buyer",
      "vendor"
    ]
  }
},
{
  "model": "account.customuser",
  "fields": {
    "password": "pbkdf2_sha256$1000000$ahZLhN1M0HjUZUOivRqR3h$JIAC0hTBemTvgOlO9KCkdRYJP9x3wm4b1w3UVCdly4U=",
    "is_superuser": false,
    "first_name": "Afoakwa",
    "last_name": "Francisca",
    "is_staff": false,
    "is_active": true,
    "date_joined": "2025-07-03T11:20:46.260Z",
    "email": "franciscaafoakwa996@gmail.com",
    "phone_number": "0534680911",
    "status": "active",
    "created_at": "2025-07-03T11:20:46.260Z",
    "last_login": null,
    "active": false,
    "email_verified": false,
    "phone_verified": true,
    "username": null,
    "groups": [],
    "user_permissions": [],
    "role": [
      "buyer",
      "vendor"
    ]
  }
},
{
  "model": "account.customuser",
  "fields": {
    "password": "pbkdf2_sha256$1000000$14DKeeJ1U41vNIfDZvncFJ$jwMrvgGttSREB3qptkecShloq5r0igWrb9dmZDEHWGA=",
    "is_superuser": false,
    "first_name": "Agnes",
    "last_name": "Turkson",
    "is_staff": false,
    "is_active": true,
    "date_joined": "2025-07-03T11:20:47.648Z",
    "email": "agnes@mail.com",
    "phone_number": "0549108813",
    "status": "active",
    "created_at": "2025-07-03T11:20:47.648Z",
    "last_login": null,
    "active": false,
    "email_verified": false,
    "phone_verified": true,
    "username": null,
    "groups": [],
    "user_permissions": [],
    "role": [
      "buyer",
      "vendor"
    ]
  }
},
{
  "model": "account.customuser",
  "fields": {
    "password": "pbkdf2_sha256$1000000$h9l7Gq3BgYDUcO4xdjpxiu$+Jo1gb70Ftp6eAU4fQSQD+v0+6qvaMEuegcV6p+lpTs=",
    "is_superuser": false,
    "first_name": "Anita",
    "last_name": "Mensah",
    "is_staff": false,
    "is_active": true,
    "date_joined": "2025-07-03T11:20:48.888Z",
    "email": "anita@mail.com",
    "phone_number": "0591491866",
    "status": "active",
    "created_at": "2025-07-03T11:20:48.888Z",
    "last_login": null,
    "active": false,
    "email_verified": false,
    "phone_verified": true,
    "username": null,
    "groups": [],
    "user_permissions": [],
    "role": [
      "buyer",
      "vendor"
    ]
  }
},
{
  "model": "account.customuser",
  "fields": {
    "password": "pbkdf2_sha256$1000000$2ZVwT9HwvFbCXoZlRiUB4r$va/5bhSImz5mRgwr3v8YwZlUhaqUDdFU/Tgh1C+xGMk=",
    "is_superuser": false,
    "first_name": "Sherry",
    "last_name": "Dauda",
    "is_staff": false,
    "is_active": true,
    "date_joined": "2025-07-03T11:20:50.532Z",
    "email": "sherrydauda@gmail.com",
    "phone_number": "0556578511",
    "status": "active",
    "created_at": "2025-07-03T11:20:50.532Z",
    "last_login": null,
    "active": false,
    "email_verified": false,
    "phone_verified": true,
    "username": null,
    "groups": [],
    "user_permissions": [],
    "role": [
      "buyer",
      "vendor"
    ]
  }
},
{
  "model": "account.customuser",
  "fields": {
    "password": "pbkdf2_sha256$1000000$qucTWUQOz6lUt2ffgU785G$HOUszRyPzEpMLTzSlZVNc78ldx2H0TZlenlNlDK7vBk=",
    "is_superuser": false,
    "first_name": "juliana",
    "last_name": "azure",
    "is_staff": false,
    "is_active": true,
    "date_joined": "2025-07-03T11:21:05.902Z",
    "email": "juliana@gmail.com",
    "phone_number": "0257585032",
    "status": "active",
    "created_at": "2025-07-03T11:21:05.902Z",
    "last_login": null,
    "active": false,
    "email_verified": false,
    "phone_verified": true,
    "username": null,
    "groups": [],
    "user_permissions": [],
    "role": [
      "buyer",
      "vendor"
    ]
  }
},
{
  "model": "account.customuser",
  "fields": {
    "password": "pbkdf2_sha256$1000000$uxR5fLInJQ6o59GkfwbQA5$f7FIeyP6jh5W2v3vCPXT7yWcRTTeQiDvpehdCsHIFTY=",
    "is_superuser": false,
    "first_name": "Precious",
    "last_name": "Nkrumah",
    "is_staff": false,
    "is_active": true,
    "date_joined": "2025-07-03T11:21:17.209Z",
    "email": "precious@mail.com",
    "phone_number": "0533226277",
    "status": "active",
    "created_at": "2025-07-03T11:21:17.209Z",
    "last_login": null,
    "active": false,
    "email_verified": false,
    "phone_verified": true,
    "username": null,
    "groups": [],
    "user_permissions": [],
    "role": [
      "buyer",
      "vendor"
    ]
  }
},
{
  "model": "account.customuser",
  "fields": {
    "password": "pbkdf2_sha256$1000000$a9dbRP3ynYMRgGg5V8AFnx$KkUJloE9/S/i+Ex0AA0kl+aGZlfd7y20E0asdYlPxfw=",
    "is_superuser": false,
    "first_name": "Appiah",
    "last_name": "JenetA",
    "is_staff": false,
    "is_active": true,
    "date_joined": "2025-07-03T11:21:24.337Z",
    "email": "jeneta@gmail.com",
    "phone_number": "0536444249",
    "status": "active",
    "created_at": "2025-07-03T11:21:24.337Z",
    "last_login": null,
    "active": false,
    "email_verified": false,
    "phone_verified": true,
    "username": null,
    "groups": [],
    "user_permissions": [],
    "role": [
      "buyer",
      "vendor"
    ]
  }
},
{
  "model": "account.customuser",
  "fields": {
    "password": "pbkdf2_sha256$1000000$cdvJTfNqXmkNjwYm6Q9dxO$9lPHHGYKFB5pPyN25+b9J3tWNsEJrtAG0tQOVoBtF3k=",
    "is_superuser": false,
    "first_name": "sandra",
    "last_name": "Birago",
    "is_staff": false,
    "is_active": true,
    "date_joined": "2025-07-03T11:21:29.597Z",
    "email": "sandra@gmail.com",
    "phone_number": "0248548825",
    "status": "active",
    "created_at": "2025-07-03T11:21:29.597Z",
    "last_login": null,
    "active": false,
    "email_verified": false,
    "phone_verified": true,
    "username": null,
    "groups": [],
    "user_permissions": [],
    "role": [
      "buyer",
      "vendor"
    ]
  }
},
{
  "model": "account.customuser",
  "fields": {
    "password": "pbkdf2_sha256$1000000$gwW7U1ORN0UF7TWG7UgxJ1$7hJ48PFSPwsBo1lnJ+88sLIBDK9Pa8tYTQdwNGTR4oA=",
    "is_superuser": false,
    "first_name": "kwarteng",
    "last_name": "hannah",
    "is_staff": false,
    "is_active": true,
    "date_joined": "2025-07-03T11:24:57.901Z",
    "email": "hannah@gmail.com",
    "phone_number": "0248782971",
    "status": "active",
    "created_at": "2025-07-03T11:24:57.901Z",
    "last_login": null,
    "active": false,
    "email_verified": false,
    "phone_verified": true,
    "username": null,
    "groups": [],
    "user_permissions": [],
    "role": [
      "buyer",
      "vendor"
    ]
  }
},
{
  "model": "account.customuser",
  "fields": {
    "password": "pbkdf2_sha256$1000000$xkrGeWPHtY4PVxKdgeBVn8$b4z6p5FFf0ZNLZt5ecpN/x29pqEOXvnXK7sNCSoRYKE=",
    "is_superuser": false,
    "first_name": "charity owusuaa",
    "last_name": "charity owusuaa",
    "is_staff": false,
    "is_active": true,
    "date_joined": "2025-07-03T11:27:20.242Z",
    "email": "charity@gmail.com",
    "phone_number": "0592972632",
    "status": "active",
    "created_at": "2025-07-03T11:27:20.242Z",
    "last_login": null,
    "active": false,
    "email_verified": false,
    "phone_verified": true,
    "username": null,
    "groups": [],
    "user_permissions": [],
    "role": [
      "buyer",
      "vendor"
    ]
  }
},
{
  "model": "account.customuser",
  "fields": {
    "password": "pbkdf2_sha256$1000000$NJMceiFuOgSpx4WeJOY5ur$EeqBGgXWjUJNma93b9RAq96vbFoEgWbRMubPDGvgM6w=",
    "is_superuser": false,
    "first_name": "mary",
    "last_name": "Turkson",
    "is_staff": false,
    "is_active": true,
    "date_joined": "2025-07-03T14:23:45.215Z",
    "email": "hellenellenayush@gmail.com",
    "phone_number": "0205889916",
    "status": "active",
    "created_at": "2025-07-03T14:23:45.215Z",
    "last_login": null,
    "active": false,
    "email_verified": false,
    "phone_verified": true,
    "username": null,
    "groups": [],
    "user_permissions": [],
    "role": [
      "buyer"
    ]
  }
},
{
  "model": "account.customuser",
  "fields": {
    "password": "pbkdf2_sha256$1000000$v9BlWtstbWCPK5Agrfs9DD$FjwXLZWKDb3PSahb6zw/xduNmhYJZIZIdS4l+sRvLuo=",
    "is_superuser": false,
    "first_name": "Christabel",
    "last_name": "Andoh",
    "is_staff": false,
    "is_active": true,
    "date_joined": "2025-07-03T14:28:32.959Z",
    "email": "andohc580@gmail.com",
    "phone_number": "0201855981",
    "status": "active",
    "created_at": "2025-07-03T14:28:32.959Z",
    "last_login": null,
    "active": false,
    "email_verified": false,
    "phone_verified": true,
    "username": null,
    "groups": [],
    "user_permissions": [],
    "role": [
      "buyer",
      "vendor"
    ]
  }
},
{
  "model": "account.customuser",
  "fields": {
    "password": "pbkdf2_sha256$1000000$6Kx7Clewe2E2Zfflfmty1g$XgMw1bUw1xxyzGpEMHtajaI0tLoFiCj0eGHduTKFkwM=",
    "is_superuser": false,
    "first_name": "Martha",
    "last_name": "Gyasi",
    "is_staff": false,
    "is_active": true,
    "date_joined": "2025-07-03T14:28:34.982Z",
    "email": "gyasimarth17@gmail.com",
    "phone_number": "0551104219",
    "status": "active",
    "created_at": "2025-07-03T14:28:34.982Z",
    "last_login": null,
    "active": false,
    "email_verified": false,
    "phone_verified": true,
    "username": null,
    "groups": [],
    "user_permissions": [],
    "role": [
      "buyer",
      "vendor"
    ]
  }
},
{
  "model": "account.customuser",
  "fields": {
    "password": "pbkdf2_sha256$1000000$jX1T0FOC5XgumXe05LqEft$fI62WncVfKbndDT/ycepzn02/fEjffpGVyelCXd/Fho=",
    "is_superuser": false,
    "first_name": "Grace",
    "last_name": "Arkoh",
    "is_staff": false,
    "is_active": true,
    "date_joined": "2025-07-03T14:28:36.625Z",
    "email": "grace@maill.com",
    "phone_number": "0556640577",
    "status": "active",
    "created_at": "2025-07-03T14:28:36.625Z",
    "last_login": null,
    "active": false,
    "email_verified": false,
    "phone_verified": true,
    "username": null,
    "groups": [],
    "user_permissions": [],
    "role": [
      "buyer",
      "vendor"
    ]
  }
},
{
  "model": "account.customuser",
  "fields": {
    "password": "pbkdf2_sha256$1000000$0CxmvAl7Y9b0c3iZql9HvB$Fj/NPtbPVvo84vh/t/NQoXeI8Th5FA3ioO7Kbqf/gAI=",
    "is_superuser": false,
    "first_name": "Beattrice",
    "last_name": "Baah",
    "is_staff": false,
    "is_active": true,
    "date_joined": "2025-07-03T14:28:38.502Z",
    "email": "beatbaah@gmail.com",
    "phone_number": "0245989981",
    "status": "active",
    "created_at": "2025-07-03T14:28:38.502Z",
    "last_login": null,
    "active": false,
    "email_verified": false,
    "phone_verified": true,
    "username": null,
    "groups": [],
    "user_permissions": [],
    "role": [
      "buyer",
      "vendor"
    ]
  }
},
{
  "model": "account.customuser",
  "fields": {
    "password": "pbkdf2_sha256$1000000$TreDgCtVOwZyI0ZaA439Qq$miw78ozJMb4FCuo7h3ExSHPW8rPYApJ/pVOLH8lNeb0=",
    "is_superuser": false,
    "first_name": "Precious",
    "last_name": "Coffie",
    "is_staff": false,
    "is_active": true,
    "date_joined": "2025-07-03T14:28:48.710Z",
    "email": "precouscoffie22@gmail.com",
    "phone_number": "0537046615",
    "status": "active",
    "created_at": "2025-07-03T14:28:48.710Z",
    "last_login": null,
    "active": false,
    "email_verified": false,
    "phone_verified": true,
    "username": null,
    "groups": [],
    "user_permissions": [],
    "role": [
      "buyer",
      "vendor"
    ]
  }
},
{
  "model": "account.customuser",
  "fields": {
    "password": "pbkdf2_sha256$1000000$ZnGQ4oZW2Zo8OzCNydEt1Q$+yrPI0FuHw/hxkxmX41ELThT+VkaXPYnJG0GBDcnB5I=",
    "is_superuser": false,
    "first_name": "Agnes",
    "last_name": "Fokuo",
    "is_staff": false,
    "is_active": true,
    "date_joined": "2025-07-03T14:28:51.817Z",
    "email": "agnesfokuo425@gmail.com",
    "phone_number": "0596411704",
    "status": "active",
    "created_at": "2025-07-03T14:28:51.817Z",
    "last_login": null,
    "active": false,
    "email_verified": false,
    "phone_verified": true,
    "username": null,
    "groups": [],
    "user_permissions": [],
    "role": [
      "buyer",
      "vendor"
    ]
  }
},
{
  "model": "account.customuser",
  "fields": {
    "password": "pbkdf2_sha256$1000000$5hh0uSYU5L1Ih5Pd1aYAlc$B6X0O6aFTVF8YhfyZOMHoPvgp9CTXWDQsvANQPLb11Y=",
    "is_superuser": false,
    "first_name": "Perpetual",
    "last_name": "Boadu",
    "is_staff": false,
    "is_active": true,
    "date_joined": "2025-07-03T14:29:07.271Z",
    "email": "pepsi@maill.com",
    "phone_number": "0240474319",
    "status": "active",
    "created_at": "2025-07-03T14:29:07.271Z",
    "last_login": null,
    "active": false,
    "email_verified": false,
    "phone_verified": true,
    "username": null,
    "groups": [],
    "user_permissions": [],
    "role": [
      "buyer",
      "vendor"
    ]
  }
},
{
  "model": "account.customuser",
  "fields": {
    "password": "pbkdf2_sha256$1000000$cdQt1RWSp0u89RAesiaDPS$SE3Ab2OAjG7QZTvO8HWLamkEAsJ4r4X9oX7gI0HLPNs=",
    "is_superuser": false,
    "first_name": "Gifty",
    "last_name": "Asamoah",
    "is_staff": false,
    "is_active": true,
    "date_joined": "2025-07-03T14:29:42.911Z",
    "email": "asamoahgifty222@gamil.com",
    "phone_number": "0543837014",
    "status": "active",
    "created_at": "2025-07-03T14:29:42.911Z",
    "last_login": null,
    "active": false,
    "email_verified": false,
    "phone_verified": true,
    "username": null,
    "groups": [],
    "user_permissions": [],
    "role": [
      "buyer",
      "vendor"
    ]
  }
},
{
  "model": "account.customuser",
  "fields": {
    "password": "pbkdf2_sha256$1000000$ehxppdsBvoW2R2EO5z1GmX$Spb5uLy82YkfrPrzSXvi3vVKjEMQ4L+TreO2ZNJvkuM=",
    "is_superuser": false,
    "first_name": "Eva",
    "last_name": "Adueva_boahen",
    "is_staff": false,
    "is_active": true,
    "date_joined": "2025-07-03T14:30:07.993Z",
    "email": "adu_boaheneva@gmail.com",
    "phone_number": "0596627681",
    "status": "active",
    "created_at": "2025-07-03T14:30:07.993Z",
    "last_login": null,
    "active": false,
    "email_verified": false,
    "phone_verified": true,
    "username": null,
    "groups": [],
    "user_permissions": [],
    "role": [
      "buyer",
      "vendor"
    ]
  }
},
{
  "model": "account.customuser",
  "fields": {
    "password": "pbkdf2_sha256$1000000$m97wteBjg16AUS3oNQOqeA$oAsVqgjJZ6WAi8CwWB2qK4HgC6n1Ixn7lTtjNME9Djc=",
    "is_superuser": false,
    "first_name": "Samira",
    "last_name": "Fuseini",
    "is_staff": false,
    "is_active": true,
    "date_joined": "2025-07-03T16:45:49.317Z",
    "email": "fuseinisamira99@gmail.com",
    "phone_number": "0549479744",
    "status": "active",
    "created_at": "2025-07-03T16:45:49.317Z",
    "last_login": null,
    "active": false,
    "email_verified": false,
    "phone_verified": true,
    "username": null,
    "groups": [],
    "user_permissions": [],
    "role": [
      "buyer",
      "vendor"
    ]
  }
},
{
  "model": "account.customuser",
  "fields": {
    "password": "pbkdf2_sha256$1000000$kioNGqjeLvZ48GC9GfRotT$6c4edSLVeN24qVLTXUGyIjHdDWh19BPcA/Hu0oWV58w=",
    "is_superuser": false,
    "first_name": "adwoa",
    "last_name": "addai kwarteng",
    "is_staff": false,
    "is_active": true,
    "date_joined": "2025-07-04T09:45:22.122Z",
    "email": null,
    "phone_number": "0538366545",
    "status": "active",
    "created_at": "2025-07-04T09:45:22.122Z",
    "last_login": null,
    "active": false,
    "email_verified": false,
    "phone_verified": false,
    "username": null,
    "groups": [],
    "user_permissions": [],
    "role": [
      "buyer"
    ]
  }
},
{
  "model": "account.customuser",
  "fields": {
    "password": "pbkdf2_sha256$1000000$nq7jqEUWhO62q7rTkPRyoF$io3ygtbUOqM2CXMr/+MXx8QSovN9TsZxDxUK01BYMPM=",
    "is_superuser": false,
    "first_name": "Elizabeth",
    "last_name": "Owusu",
    "is_staff": false,
    "is_active": true,
    "date_joined": "2025-07-04T10:45:53.500Z",
    "email": "Elizabeth@mail.com",
    "phone_number": "0554418449",
    "status": "active",
    "created_at": "2025-07-04T10:45:53.500Z",
    "last_login": null,
    "active": false,
    "email_verified": false,
    "phone_verified": true,
    "username": null,
    "groups": [],
    "user_permissions": [],
    "role": [
      "buyer",
      "vendor"
    ]
  }
},
{
  "model": "account.customuser",
  "fields": {
    "password": "pbkdf2_sha256$1000000$stbmJWq833YvgrP3R6vgqo$z9NqPiWF2hySIzeVFMYDAjdvchsP75Rncu8ho5FJvFc=",
    "is_superuser": false,
    "first_name": "Ebenezer",
    "last_name": "Sakyi",
    "is_staff": false,
    "is_active": true,
    "date_joined": "2025-07-04T11:55:56.747Z",
    "email": "ebensakyi0@gmail.com",
    "phone_number": "0543306447",
    "status": "active",
    "created_at": "2025-07-04T11:55:56.747Z",
    "last_login": null,
    "active": false,
    "email_verified": false,
    "phone_verified": true,
    "username": null,
    "groups": [],
    "user_permissions": [],
    "role": [
      "buyer",
      "vendor"
    ]
  }
},
{
  "model": "account.customuser",
  "fields": {
    "password": "pbkdf2_sha256$1000000$r8ctol5z2N96WUEImU1WEq$1Ym2Kxg8bSHbD2iyEbPoPBYw1xC4E1Fz0r9Cl2Dk+MM=",
    "is_superuser": false,
    "first_name": "Gloria Mamle",
    "last_name": "Terkper",
    "is_staff": false,
    "is_active": true,
    "date_joined": "2025-07-04T13:52:26.473Z",
    "email": "tgloriamamle@gmail.com",
    "phone_number": "0549260319",
    "status": "active",
    "created_at": "2025-07-04T13:52:26.473Z",
    "last_login": null,
    "active": false,
    "email_verified": false,
    "phone_verified": true,
    "username": null,
    "groups": [],
    "user_permissions": [],
    "role": [
      "buyer",
      "vendor"
    ]
  }
},
{
  "model": "account.customuser",
  "fields": {
    "password": "pbkdf2_sha256$1000000$e2kb4lEqKTqZRx91XKJrf5$NoZVSmt5I/bMoxi4kT8+4iz4Kc87CaT0HNYPpwlmU6s=",
    "is_superuser": false,
    "first_name": "veronica",
    "last_name": "nyarnyarkoko",
    "is_staff": false,
    "is_active": true,
    "date_joined": "2025-07-04T13:56:17.135Z",
    "email": "veronicanyako317@gmail.com",
    "phone_number": "0242646974",
    "status": "active",
    "created_at": "2025-07-04T13:56:17.135Z",
    "last_login": null,
    "active": false,
    "email_verified": false,
    "phone_verified": true,
    "username": null,
    "groups": [],
    "user_permissions": [],
    "role": [
      "buyer",
      "vendor"
    ]
  }
},
{
  "model": "account.customuser",
  "fields": {
    "password": "pbkdf2_sha256$1000000$Gki29lOkogM9rK2P82lBGw$ud4RTIyTk8UeizfQIKePFLuljiGGSNJyeymD/WU+Trw=",
    "is_superuser": false,
    "first_name": "jessica",
    "last_name": "tettey",
    "is_staff": false,
    "is_active": true,
    "date_joined": "2025-07-08T09:43:16.240Z",
    "email": "jtetteydede08@gmail.com",
    "phone_number": "0503892156",
    "status": "active",
    "created_at": "2025-07-08T09:43:16.240Z",
    "last_login": null,
    "active": false,
    "email_verified": false,
    "phone_verified": true,
    "username": null,
    "groups": [],
    "user_permissions": [],
    "role": [
      "buyer"
    ]
  }
},
{
  "model": "account.customuser",
  "fields": {
    "password": "pbkdf2_sha256$1000000$K4OrNVXatekzoYkc7aav7u$rYT8Sjbz167V2h1KtFCLWduox+5WyTLbFa05NY5HOac=",
    "is_superuser": false,
    "first_name": "Beauty",
    "last_name": "batsa",
    "is_staff": false,
    "is_active": true,
    "date_joined": "2025-07-08T09:43:25.653Z",
    "email": "beautybatsa49@gmail.com",
    "phone_number": "0544503449",
    "status": "active",
    "created_at": "2025-07-08T09:43:25.653Z",
    "last_login": null,
    "active": false,
    "email_verified": false,
    "phone_verified": false,
    "username": null,
    "groups": [],
    "user_permissions": [],
    "role": [
      "buyer"
    ]
  }
},
{
  "model": "account.customuser",
  "fields": {
    "password": "pbkdf2_sha256$1000000$FmTJo2At9Ykj40t5YbkDlN$U3h7umEsV+kCvJvy+2rsMeWNCUhXnGcOp5TzM0LnFq8=",
    "is_superuser": false,
    "first_name": "charity",
    "last_name": "Brown",
    "is_staff": false,
    "is_active": true,
    "date_joined": "2025-07-08T09:43:27.557Z",
    "email": null,
    "phone_number": "0257686712",
    "status": "active",
    "created_at": "2025-07-08T09:43:27.557Z",
    "last_login": null,
    "active": false,
    "email_verified": false,
    "phone_verified": true,
    "username": null,
    "groups": [],
    "user_permissions": [],
    "role": [
      "buyer"
    ]
  }
},
{
  "model": "account.customuser",
  "fields": {
    "password": "pbkdf2_sha256$1000000$o7jkw37qsUCdPEZaq27fnn$30SVkRVnHAyPd/hxv/foe2haqJLA4RvNGFvyhURgym4=",
    "is_superuser": false,
    "first_name": "awudu",
    "last_name": "abiba",
    "is_staff": false,
    "is_active": true,
    "date_joined": "2025-07-08T09:43:51.147Z",
    "email": "awuduabiba75@gmail.com",
    "phone_number": "0537802432",
    "status": "active",
    "created_at": "2025-07-08T09:43:51.147Z",
    "last_login": null,
    "active": false,
    "email_verified": false,
    "phone_verified": true,
    "username": null,
    "groups": [],
    "user_permissions": [],
    "role": [
      "buyer"
    ]
  }
},
{
  "model": "account.customuser",
  "fields": {
    "password": "pbkdf2_sha256$1000000$IpmxHynP6iAwzV0PHoLyUy$T9hGykuxLKX+mW63c5OiA2c4uxrCVB751qUSj6MD7co=",
    "is_superuser": false,
    "first_name": "PORTIA",
    "last_name": "PADI",
    "is_staff": false,
    "is_active": true,
    "date_joined": "2025-07-08T09:46:19.763Z",
    "email": "portiapadi48@gmail.com",
    "phone_number": "0550876893",
    "status": "active",
    "created_at": "2025-07-08T09:46:19.763Z",
    "last_login": null,
    "active": false,
    "email_verified": false,
    "phone_verified": true,
    "username": null,
    "groups": [],
    "user_permissions": [],
    "role": [
      "buyer"
    ]
  }
},
{
  "model": "account.customuser",
  "fields": {
    "password": "pbkdf2_sha256$1000000$oE6PzerdioUWUXlTWcaYLj$intTlABGX3dbWc9iZbyzoBUAk53Qp+nQNR9J7GjESNA=",
    "is_superuser": false,
    "first_name": "Tetteh",
    "last_name": "Richie",
    "is_staff": false,
    "is_active": true,
    "date_joined": "2025-07-08T09:46:55.916Z",
    "email": "tetterichie03@gmil.com",
    "phone_number": "0243966328",
    "status": "active",
    "created_at": "2025-07-08T09:46:55.916Z",
    "last_login": null,
    "active": false,
    "email_verified": false,
    "phone_verified": true,
    "username": null,
    "groups": [],
    "user_permissions": [],
    "role": [
      "buyer"
    ]
  }
},
{
  "model": "account.customuser",
  "fields": {
    "password": "pbkdf2_sha256$1000000$H2pTKEXKfIHju431wUEh1R$8OBPz0pEHirQgZJU6oe8nHXGlK9qaa2O+RfogFLUMDU=",
    "is_superuser": false,
    "first_name": "Mabel",
    "last_name": "amewuda",
    "is_staff": false,
    "is_active": true,
    "date_joined": "2025-07-08T09:48:09.009Z",
    "email": null,
    "phone_number": "0599894152",
    "status": "active",
    "created_at": "2025-07-08T09:48:09.009Z",
    "last_login": null,
    "active": false,
    "email_verified": false,
    "phone_verified": true,
    "username": null,
    "groups": [],
    "user_permissions": [],
    "role": [
      "buyer"
    ]
  }
},
{
  "model": "account.customuser",
  "fields": {
    "password": "pbkdf2_sha256$1000000$Tru38SyMa15p5XbUX5oCnM$jk642sI3f87PY7oe/x5xVqwUTgi937ETaJL7GziVp9s=",
    "is_superuser": false,
    "first_name": "Amedeka",
    "last_name": "Bervelyn",
    "is_staff": false,
    "is_active": true,
    "date_joined": "2025-07-08T09:48:36.049Z",
    "email": "amedekaberlynsabina2@gmail.com",
    "phone_number": "0539695074",
    "status": "active",
    "created_at": "2025-07-08T09:48:36.049Z",
    "last_login": null,
    "active": false,
    "email_verified": false,
    "phone_verified": true,
    "username": null,
    "groups": [],
    "user_permissions": [],
    "role": [
      "buyer"
    ]
  }
},
{
  "model": "account.customuser",
  "fields": {
    "password": "pbkdf2_sha256$1000000$csgEd2NloRFoNdca7Vht0y$zLRWeLKf0fcDsTqckxFs2ob162uAvoZEdIAKZYYiiV4=",
    "is_superuser": false,
    "first_name": "Tracy",
    "last_name": "Awaitey",
    "is_staff": false,
    "is_active": true,
    "date_joined": "2025-07-08T09:48:45.770Z",
    "email": "tracyblack40d@gmail.com",
    "phone_number": "0594144540",
    "status": "active",
    "created_at": "2025-07-08T09:48:45.770Z",
    "last_login": null,
    "active": false,
    "email_verified": false,
    "phone_verified": true,
    "username": null,
    "groups": [],
    "user_permissions": [],
    "role": [
      "buyer"
    ]
  }
},
{
  "model": "account.customuser",
  "fields": {
    "password": "pbkdf2_sha256$1000000$w1rqkMZ17z0rpbiOTDIVyI$zX5jwtNWlggIgZOZWElVHAfFRT67RUAJm8Vp2qcIMK8=",
    "is_superuser": false,
    "first_name": "Regina",
    "last_name": "safowa",
    "is_staff": false,
    "is_active": true,
    "date_joined": "2025-07-08T09:49:30.226Z",
    "email": null,
    "phone_number": "0592611873",
    "status": "active",
    "created_at": "2025-07-08T09:49:30.226Z",
    "last_login": null,
    "active": false,
    "email_verified": false,
    "phone_verified": true,
    "username": null,
    "groups": [],
    "user_permissions": [],
    "role": [
      "buyer"
    ]
  }
},
{
  "model": "account.customuser",
  "fields": {
    "password": "pbkdf2_sha256$1000000$2nQEqDsXT5uXZBWNf6uV4r$hBv+JrRXdOeJaSUI7sqiZh6SyFe3sL5BoKzGVASIu0I=",
    "is_superuser": false,
    "first_name": "lawer",
    "last_name": "stella",
    "is_staff": false,
    "is_active": true,
    "date_joined": "2025-07-08T09:51:28.456Z",
    "email": "stella12312345678@gmail.com",
    "phone_number": "0532112646",
    "status": "active",
    "created_at": "2025-07-08T09:51:28.456Z",
    "last_login": null,
    "active": false,
    "email_verified": false,
    "phone_verified": true,
    "username": null,
    "groups": [],
    "user_permissions": [],
    "role": [
      "buyer"
    ]
  }
},
{
  "model": "account.customuser",
  "fields": {
    "password": "pbkdf2_sha256$1000000$f7XXcO7fz4s37d72kzalGp$eWBtsa5LfoHLo0sSKwVood0t6le146QrqBvRDaWkoSY=",
    "is_superuser": false,
    "first_name": "Awaitey",
    "last_name": "Mavis",
    "is_staff": false,
    "is_active": true,
    "date_joined": "2025-07-08T09:53:58.567Z",
    "email": "awaiteymavisdoe@gmail.com",
    "phone_number": "0537318192",
    "status": "active",
    "created_at": "2025-07-08T09:53:58.567Z",
    "last_login": null,
    "active": false,
    "email_verified": false,
    "phone_verified": true,
    "username": null,
    "groups": [],
    "user_permissions": [],
    "role": [
      "buyer"
    ]
  }
},
{
  "model": "account.userprofile",
  "pk": 1,
  "fields": {
    "user_image": "",
    "user": [
      "0242442147"
    ]
  }
},
{
  "model": "account.userprofile",
  "pk": 11,
  "fields": {
    "user_image": "",
    "user": [
      "0240836501"
    ]
  }
},
{
  "model": "account.userprofile",
  "pk": 12,
  "fields": {
    "user_image": "",
    "user": [
      "0272266444"
    ]
  }
},
{
  "model": "account.userprofile",
  "pk": 13,
  "fields": {
    "user_image": "",
    "user": [
      "0550013211"
    ]
  }
},
{
  "model": "account.userprofile",
  "pk": 14,
  "fields": {
    "user_image": "",
    "user": [
      "0244748870"
    ]
  }
},
{
  "model": "account.userprofile",
  "pk": 15,
  "fields": {
    "user_image": "",
    "user": [
      "0559154796"
    ]
  }
},
{
  "model": "account.userprofile",
  "pk": 17,
  "fields": {
    "user_image": "",
    "user": [
      "0242955370"
    ]
  }
},
{
  "model": "account.userprofile",
  "pk": 18,
  "fields": {
    "user_image": "",
    "user": [
      "0244741697"
    ]
  }
},
{
  "model": "account.userprofile",
  "pk": 19,
  "fields": {
    "user_image": "",
    "user": [
      "0504866466"
    ]
  }
},
{
  "model": "account.userprofile",
  "pk": 20,
  "fields": {
    "user_image": "",
    "user": [
      "0539265598"
    ]
  }
},
{
  "model": "account.userprofile",
  "pk": 21,
  "fields": {
    "user_image": "",
    "user": [
      "0249240633"
    ]
  }
},
{
  "model": "account.userprofile",
  "pk": 22,
  "fields": {
    "user_image": "",
    "user": [
      "0544011099"
    ]
  }
},
{
  "model": "account.userprofile",
  "pk": 23,
  "fields": {
    "user_image": "",
    "user": [
      "0507755574"
    ]
  }
},
{
  "model": "account.userprofile",
  "pk": 24,
  "fields": {
    "user_image": "",
    "user": [
      "0593751029"
    ]
  }
},
{
  "model": "account.userprofile",
  "pk": 25,
  "fields": {
    "user_image": "",
    "user": [
      "0591007655"
    ]
  }
},
{
  "model": "account.userprofile",
  "pk": 26,
  "fields": {
    "user_image": "",
    "user": [
      "0531807570"
    ]
  }
},
{
  "model": "account.userprofile",
  "pk": 27,
  "fields": {
    "user_image": "",
    "user": [
      "0531945319"
    ]
  }
},
{
  "model": "account.userprofile",
  "pk": 28,
  "fields": {
    "user_image": "",
    "user": [
      "0543407417"
    ]
  }
},
{
  "model": "account.userprofile",
  "pk": 29,
  "fields": {
    "user_image": "",
    "user": [
      "0545443049"
    ]
  }
},
{
  "model": "account.userprofile",
  "pk": 30,
  "fields": {
    "user_image": "",
    "user": [
      "0542745325"
    ]
  }
},
{
  "model": "account.userprofile",
  "pk": 31,
  "fields": {
    "user_image": "",
    "user": [
      "0537635120"
    ]
  }
},
{
  "model": "account.userprofile",
  "pk": 32,
  "fields": {
    "user_image": "",
    "user": [
      "0597369936"
    ]
  }
},
{
  "model": "account.userprofile",
  "pk": 33,
  "fields": {
    "user_image": "",
    "user": [
      "0550809410"
    ]
  }
},
{
  "model": "account.userprofile",
  "pk": 34,
  "fields": {
    "user_image": "",
    "user": [
      "0537272029"
    ]
  }
},
{
  "model": "account.userprofile",
  "pk": 35,
  "fields": {
    "user_image": "",
    "user": [
      "0593018674"
    ]
  }
},
{
  "model": "account.userprofile",
  "pk": 36,
  "fields": {
    "user_image": "",
    "user": [
      "0204052805"
    ]
  }
},
{
  "model": "account.userprofile",
  "pk": 37,
  "fields": {
    "user_image": "",
    "user": [
      "0537011065"
    ]
  }
},
{
  "model": "account.userprofile",
  "pk": 38,
  "fields": {
    "user_image": "",
    "user": [
      "0545584709"
    ]
  }
},
{
  "model": "account.userprofile",
  "pk": 39,
  "fields": {
    "user_image": "",
    "user": [
      "0245512207"
    ]
  }
},
{
  "model": "account.userprofile",
  "pk": 40,
  "fields": {
    "user_image": "",
    "user": [
      "0538137421"
    ]
  }
},
{
  "model": "account.userprofile",
  "pk": 41,
  "fields": {
    "user_image": "",
    "user": [
      "0555583811"
    ]
  }
},
{
  "model": "account.userprofile",
  "pk": 42,
  "fields": {
    "user_image": "",
    "user": [
      "0508113152"
    ]
  }
},
{
  "model": "account.userprofile",
  "pk": 43,
  "fields": {
    "user_image": "",
    "user": [
      "0509503203"
    ]
  }
},
{
  "model": "account.userprofile",
  "pk": 44,
  "fields": {
    "user_image": "",
    "user": [
      "0203163642"
    ]
  }
},
{
  "model": "account.userprofile",
  "pk": 45,
  "fields": {
    "user_image": "",
    "user": [
      "0537409229"
    ]
  }
},
{
  "model": "account.userprofile",
  "pk": 46,
  "fields": {
    "user_image": "",
    "user": [
      "0207236419"
    ]
  }
},
{
  "model": "account.userprofile",
  "pk": 47,
  "fields": {
    "user_image": "",
    "user": [
      "0246065830"
    ]
  }
},
{
  "model": "account.userprofile",
  "pk": 48,
  "fields": {
    "user_image": "",
    "user": [
      "0543516631"
    ]
  }
},
{
  "model": "account.userprofile",
  "pk": 49,
  "fields": {
    "user_image": "",
    "user": [
      "0246460178"
    ]
  }
},
{
  "model": "account.userprofile",
  "pk": 50,
  "fields": {
    "user_image": "",
    "user": [
      "0594633317"
    ]
  }
},
{
  "model": "account.userprofile",
  "pk": 51,
  "fields": {
    "user_image": "",
    "user": [
      "0543863708"
    ]
  }
},
{
  "model": "account.userprofile",
  "pk": 52,
  "fields": {
    "user_image": "",
    "user": [
      "0538078226"
    ]
  }
},
{
  "model": "account.userprofile",
  "pk": 53,
  "fields": {
    "user_image": "",
    "user": [
      "0201690688"
    ]
  }
},
{
  "model": "account.userprofile",
  "pk": 54,
  "fields": {
    "user_image": "",
    "user": [
      "0551941314"
    ]
  }
},
{
  "model": "account.userprofile",
  "pk": 55,
  "fields": {
    "user_image": "",
    "user": [
      "0246374974"
    ]
  }
},
{
  "model": "account.userprofile",
  "pk": 56,
  "fields": {
    "user_image": "",
    "user": [
      "0555733413"
    ]
  }
},
{
  "model": "account.userprofile",
  "pk": 57,
  "fields": {
    "user_image": "",
    "user": [
      "0531580658"
    ]
  }
},
{
  "model": "account.userprofile",
  "pk": 58,
  "fields": {
    "user_image": "",
    "user": [
      "0544810587"
    ]
  }
},
{
  "model": "account.userprofile",
  "pk": 59,
  "fields": {
    "user_image": "",
    "user": [
      "0203458440"
    ]
  }
},
{
  "model": "account.userprofile",
  "pk": 60,
  "fields": {
    "user_image": "",
    "user": [
      "0545985668"
    ]
  }
},
{
  "model": "account.userprofile",
  "pk": 61,
  "fields": {
    "user_image": "",
    "user": [
      "0549656196"
    ]
  }
},
{
  "model": "account.userprofile",
  "pk": 62,
  "fields": {
    "user_image": "",
    "user": [
      "0242522671"
    ]
  }
},
{
  "model": "account.userprofile",
  "pk": 63,
  "fields": {
    "user_image": "",
    "user": [
      "0549649141"
    ]
  }
},
{
  "model": "account.userprofile",
  "pk": 64,
  "fields": {
    "user_image": "",
    "user": [
      "0200000001"
    ]
  }
},
{
  "model": "account.userprofile",
  "pk": 65,
  "fields": {
    "user_image": "",
    "user": [
      "0554928603"
    ]
  }
},
{
  "model": "account.userprofile",
  "pk": 66,
  "fields": {
    "user_image": "",
    "user": [
      "0552565648"
    ]
  }
},
{
  "model": "account.userprofile",
  "pk": 67,
  "fields": {
    "user_image": "",
    "user": [
      "0556308793"
    ]
  }
},
{
  "model": "account.userprofile",
  "pk": 68,
  "fields": {
    "user_image": "",
    "user": [
      "0246815739"
    ]
  }
},
{
  "model": "account.userprofile",
  "pk": 69,
  "fields": {
    "user_image": "",
    "user": [
      "0257681795"
    ]
  }
},
{
  "model": "account.userprofile",
  "pk": 70,
  "fields": {
    "user_image": "",
    "user": [
      "0546246567"
    ]
  }
},
{
  "model": "account.userprofile",
  "pk": 71,
  "fields": {
    "user_image": "",
    "user": [
      "0544710750"
    ]
  }
},
{
  "model": "account.userprofile",
  "pk": 72,
  "fields": {
    "user_image": "",
    "user": [
      ""
    ]
  }
},
{
  "model": "account.userprofile",
  "pk": 73,
  "fields": {
    "user_image": "",
    "user": [
      "0534680911"
    ]
  }
},
{
  "model": "account.userprofile",
  "pk": 74,
  "fields": {
    "user_image": "",
    "user": [
      "0549108813"
    ]
  }
},
{
  "model": "account.userprofile",
  "pk": 75,
  "fields": {
    "user_image": "",
    "user": [
      "0591491866"
    ]
  }
},
{
  "model": "account.userprofile",
  "pk": 76,
  "fields": {
    "user_image": "",
    "user": [
      "0556578511"
    ]
  }
},
{
  "model": "account.userprofile",
  "pk": 77,
  "fields": {
    "user_image": "",
    "user": [
      "0257585032"
    ]
  }
},
{
  "model": "account.userprofile",
  "pk": 78,
  "fields": {
    "user_image": "",
    "user": [
      "0533226277"
    ]
  }
},
{
  "model": "account.userprofile",
  "pk": 79,
  "fields": {
    "user_image": "",
    "user": [
      "0536444249"
    ]
  }
},
{
  "model": "account.userprofile",
  "pk": 80,
  "fields": {
    "user_image": "",
    "user": [
      "0248548825"
    ]
  }
},
{
  "model": "account.userprofile",
  "pk": 81,
  "fields": {
    "user_image": "",
    "user": [
      "0248782971"
    ]
  }
},
{
  "model": "account.userprofile",
  "pk": 82,
  "fields": {
    "user_image": "",
    "user": [
      "0592972632"
    ]
  }
},
{
  "model": "account.userprofile",
  "pk": 83,
  "fields": {
    "user_image": "",
    "user": [
      "0205889916"
    ]
  }
},
{
  "model": "account.userprofile",
  "pk": 84,
  "fields": {
    "user_image": "",
    "user": [
      "0201855981"
    ]
  }
},
{
  "model": "account.userprofile",
  "pk": 85,
  "fields": {
    "user_image": "",
    "user": [
      "0551104219"
    ]
  }
},
{
  "model": "account.userprofile",
  "pk": 86,
  "fields": {
    "user_image": "",
    "user": [
      "0556640577"
    ]
  }
},
{
  "model": "account.userprofile",
  "pk": 87,
  "fields": {
    "user_image": "",
    "user": [
      "0245989981"
    ]
  }
},
{
  "model": "account.userprofile",
  "pk": 88,
  "fields": {
    "user_image": "",
    "user": [
      "0537046615"
    ]
  }
},
{
  "model": "account.userprofile",
  "pk": 89,
  "fields": {
    "user_image": "",
    "user": [
      "0596411704"
    ]
  }
},
{
  "model": "account.userprofile",
  "pk": 90,
  "fields": {
    "user_image": "",
    "user": [
      "0240474319"
    ]
  }
},
{
  "model": "account.userprofile",
  "pk": 91,
  "fields": {
    "user_image": "",
    "user": [
      "0543837014"
    ]
  }
},
{
  "model": "account.userprofile",
  "pk": 92,
  "fields": {
    "user_image": "",
    "user": [
      "0596627681"
    ]
  }
},
{
  "model": "account.userprofile",
  "pk": 93,
  "fields": {
    "user_image": "",
    "user": [
      "0549479744"
    ]
  }
},
{
  "model": "account.userprofile",
  "pk": 94,
  "fields": {
    "user_image": "",
    "user": [
      "0538366545"
    ]
  }
},
{
  "model": "account.userprofile",
  "pk": 95,
  "fields": {
    "user_image": "",
    "user": [
      "0554418449"
    ]
  }
},
{
  "model": "account.userprofile",
  "pk": 96,
  "fields": {
    "user_image": "",
    "user": [
      "0543306447"
    ]
  }
},
{
  "model": "account.userprofile",
  "pk": 97,
  "fields": {
    "user_image": "",
    "user": [
      "0549260319"
    ]
  }
},
{
  "model": "account.userprofile",
  "pk": 98,
  "fields": {
    "user_image": "",
    "user": [
      "0242646974"
    ]
  }
},
{
  "model": "account.userprofile",
  "pk": 99,
  "fields": {
    "user_image": "",
    "user": [
      "0503892156"
    ]
  }
},
{
  "model": "account.userprofile",
  "pk": 100,
  "fields": {
    "user_image": "",
    "user": [
      "0544503449"
    ]
  }
},
{
  "model": "account.userprofile",
  "pk": 101,
  "fields": {
    "user_image": "",
    "user": [
      "0257686712"
    ]
  }
},
{
  "model": "account.userprofile",
  "pk": 102,
  "fields": {
    "user_image": "",
    "user": [
      "0537802432"
    ]
  }
},
{
  "model": "account.userprofile",
  "pk": 103,
  "fields": {
    "user_image": "",
    "user": [
      "0550876893"
    ]
  }
},
{
  "model": "account.userprofile",
  "pk": 104,
  "fields": {
    "user_image": "",
    "user": [
      "0243966328"
    ]
  }
},
{
  "model": "account.userprofile",
  "pk": 105,
  "fields": {
    "user_image": "",
    "user": [
      "0599894152"
    ]
  }
},
{
  "model": "account.userprofile",
  "pk": 106,
  "fields": {
    "user_image": "",
    "user": [
      "0539695074"
    ]
  }
},
{
  "model": "account.userprofile",
  "pk": 107,
  "fields": {
    "user_image": "",
    "user": [
      "0594144540"
    ]
  }
},
{
  "model": "account.userprofile",
  "pk": 108,
  "fields": {
    "user_image": "",
    "user": [
      "0592611873"
    ]
  }
},
{
  "model": "account.userprofile",
  "pk": 109,
  "fields": {
    "user_image": "",
    "user": [
      "0532112646"
    ]
  }
},
{
  "model": "account.userprofile",
  "pk": 110,
  "fields": {
    "user_image": "",
    "user": [
      "0537318192"
    ]
  }
},
{
  "model": "account.vendorprofile",
  "pk": 7,
  "fields": {
    "user": [
      "0240836501"
    ],
    "display_name": "TAUDCM",
    "ghana_card_id": "GHA-0000000-00",
    "ghana_card_verified": true,
    "vendor_profile_verified": true,
    "region": 1,
    "district": 1,
    "town": 1,
    "date_of_birth": "1995-06-25",
    "bio": "A car lover"
  }
},
{
  "model": "account.vendorprofile",
  "pk": 8,
  "fields": {
    "user": [
      "0242442147"
    ],
    "display_name": "CarInc",
    "ghana_card_id": "GHA-000000000-0",
    "ghana_card_verified": false,
    "vendor_profile_verified": false,
    "region": 1,
    "district": 1,
    "town": 1,
    "date_of_birth": "1995-06-25",
    "bio": "A car lover"
  }
},
{
  "model": "account.vendorprofile",
  "pk": 9,
  "fields": {
    "user": [
      "0272266444"
    ],
    "display_name": "dDT Technologies",
    "ghana_card_id": "GHA-000000001-0",
    "ghana_card_verified": true,
    "vendor_profile_verified": true,
    "region": 1,
    "district": 1,
    "town": 1,
    "date_of_birth": "1995-06-25",
    "bio": "A tech lover"
  }
},
{
  "model": "account.vendorprofile",
  "pk": 10,
  "fields": {
    "user": [
      "0559154796"
    ],
    "display_name": "Daniel's store",
    "ghana_card_id": "GHA-000000000-7",
    "ghana_card_verified": true,
    "vendor_profile_verified": true,
    "region": 1,
    "district": 1,
    "town": 1,
    "date_of_birth": null,
    "bio": "Really special"
  }
},
{
  "model": "account.vendorprofile",
  "pk": 11,
  "fields": {
    "user": [
      "0550013211"
    ],
    "display_name": "Dereck and co.",
    "ghana_card_id": "GHA-000000000-0",
    "ghana_card_verified": true,
    "vendor_profile_verified": true,
    "region": 1,
    "district": 1,
    "town": 1,
    "date_of_birth": null,
    "bio": "All things Ghanaian"
  }
},
{
  "model": "account.vendorprofile",
  "pk": 12,
  "fields": {
    "user": [
      "0244748870"
    ],
    "display_name": "Sant Products",
    "ghana_card_id": "GHA-000007604-9",
    "ghana_card_verified": true,
    "vendor_profile_verified": true,
    "region": 1,
    "district": 1,
    "town": 1,
    "date_of_birth": null,
    "bio": "All kind of wears are available"
  }
},
{
  "model": "account.vendorprofile",
  "pk": 14,
  "fields": {
    "user": [
      "0504866466"
    ],
    "display_name": "New Era",
    "ghana_card_id": "GHA-627362838-7",
    "ghana_card_verified": true,
    "vendor_profile_verified": true,
    "region": 3,
    "district": 3,
    "town": 3,
    "date_of_birth": null,
    "bio": "Foodstuffs and kitchen accessories"
  }
},
{
  "model": "account.vendorprofile",
  "pk": 15,
  "fields": {
    "user": [
      "0539265598"
    ],
    "display_name": "Gucci",
    "ghana_card_id": "GHA-000392462-2",
    "ghana_card_verified": true,
    "vendor_profile_verified": true,
    "region": 1,
    "district": 1,
    "town": 1,
    "date_of_birth": null,
    "bio": "All types of body creams are available"
  }
},
{
  "model": "account.vendorprofile",
  "pk": 16,
  "fields": {
    "user": [
      "0249240633"
    ],
    "display_name": "Aggie's Tuna",
    "ghana_card_id": "GHA-711974465-6",
    "ghana_card_verified": true,
    "vendor_profile_verified": true,
    "region": 3,
    "district": 3,
    "town": 3,
    "date_of_birth": null,
    "bio": "Sell all types of fish including smoked snd fresh salmon, tuna, herrings, Akosombo fish etc"
  }
},
{
  "model": "account.vendorprofile",
  "pk": 17,
  "fields": {
    "user": [
      "0544011099"
    ],
    "display_name": "PINTECH",
    "ghana_card_id": "GHA-721669406-3",
    "ghana_card_verified": true,
    "vendor_profile_verified": true,
    "region": 3,
    "district": 3,
    "town": 3,
    "date_of_birth": null,
    "bio": "PINTECH deals in all kinds of technologies, from the latest smart phones to your favorite TV sets.\r\n*IPHONE\r\n*SAMSUNG\r\n*TV\r\n*LAPTOP\r\n All other accessories and technology are our expertise"
  }
},
{
  "model": "account.vendorprofile",
  "pk": 18,
  "fields": {
    "user": [
      "0537011065"
    ],
    "display_name": "Aima Beauty Haven",
    "ghana_card_id": "GHA-722370975-4",
    "ghana_card_verified": true,
    "vendor_profile_verified": true,
    "region": 3,
    "district": 3,
    "town": 3,
    "date_of_birth": null,
    "bio": "We render services such as wig installation, customization ,plucking etc. We also sell both custom made wigs and factory made."
  }
},
{
  "model": "account.vendorprofile",
  "pk": 19,
  "fields": {
    "user": [
      "0593751029"
    ],
    "display_name": "Esther fashion",
    "ghana_card_id": "GHA-721784841-4",
    "ghana_card_verified": true,
    "vendor_profile_verified": true,
    "region": 3,
    "district": 3,
    "town": 3,
    "date_of_birth": null,
    "bio": "We make luxury custom made clothing for both men and women"
  }
},
{
  "model": "account.vendorprofile",
  "pk": 20,
  "fields": {
    "user": [
      "0591007655"
    ],
    "display_name": "Bene's Touch",
    "ghana_card_id": "GHA-723094286-9",
    "ghana_card_verified": true,
    "vendor_profile_verified": true,
    "region": 3,
    "district": 3,
    "town": 3,
    "date_of_birth": null,
    "bio": "Deals in fashionable customized  Waist beads ,stomach beads, anklets and bead bags and also sells quality singlets and boxers."
  }
},
{
  "model": "account.vendorprofile",
  "pk": 21,
  "fields": {
    "user": [
      "0537272029"
    ],
    "display_name": "deboraah provision shop",
    "ghana_card_id": "GHA-722405700-7",
    "ghana_card_verified": true,
    "vendor_profile_verified": true,
    "region": 3,
    "district": 3,
    "town": 3,
    "date_of_birth": null,
    "bio": "we sell high quality groceries with affordable prices."
  }
},
{
  "model": "account.vendorprofile",
  "pk": 22,
  "fields": {
    "user": [
      "0531945319"
    ],
    "display_name": "Maggie's Beauty Salon",
    "ghana_card_id": "GHA-722408163-7",
    "ghana_card_verified": true,
    "vendor_profile_verified": true,
    "region": 3,
    "district": 3,
    "town": 3,
    "date_of_birth": null,
    "bio": "Expects in hair marking, braiding,  washing and we all so ender service as wig ,bathing soap pomade cream and may more"
  }
},
{
  "model": "account.vendorprofile",
  "pk": 23,
  "fields": {
    "user": [
      "0550809410"
    ],
    "display_name": "DICTABEE FASHION AND RUNWAY MODEL",
    "ghana_card_id": "GHA-722017622-3",
    "ghana_card_verified": true,
    "vendor_profile_verified": true,
    "region": 3,
    "district": 3,
    "town": 3,
    "date_of_birth": null,
    "bio": "Expert in all kinds of luxury custom cloth made for male and female designers and also partner drafting and also showcasing of dresses on any platform"
  }
},
{
  "model": "account.vendorprofile",
  "pk": 24,
  "fields": {
    "user": [
      "0507755574"
    ],
    "display_name": "Gina1fashion",
    "ghana_card_id": "GHA-722045276-3",
    "ghana_card_verified": true,
    "vendor_profile_verified": true,
    "region": 3,
    "district": 3,
    "town": 3,
    "date_of_birth": null,
    "bio": "we make luxury custom made clothing for both men and women"
  }
},
{
  "model": "account.vendorprofile",
  "pk": 25,
  "fields": {
    "user": [
      "0545443049"
    ],
    "display_name": "stella one enterprise",
    "ghana_card_id": "GHA-727451592-6",
    "ghana_card_verified": true,
    "vendor_profile_verified": true,
    "region": 3,
    "district": 3,
    "town": 3,
    "date_of_birth": null,
    "bio": "authentic custom made after wash ,liquid soap shower gel and detergent"
  }
},
{
  "model": "account.vendorprofile",
  "pk": 26,
  "fields": {
    "user": [
      "0531807570"
    ],
    "display_name": "AmaBerryUniqueSalon",
    "ghana_card_id": "GHA-721799127-9",
    "ghana_card_verified": true,
    "vendor_profile_verified": true,
    "region": 3,
    "district": 3,
    "town": 3,
    "date_of_birth": null,
    "bio": "We supply services such as wig installation, customization, plucking etc. We are also experts in dread locking, braiding and shampooing (washing)."
  }
},
{
  "model": "account.vendorprofile",
  "pk": 27,
  "fields": {
    "user": [
      "0593018674"
    ],
    "display_name": "Fashion and Education",
    "ghana_card_id": "GHA-728236004-0",
    "ghana_card_verified": true,
    "vendor_profile_verified": true,
    "region": 3,
    "district": 3,
    "town": 3,
    "date_of_birth": null,
    "bio": "we do the best educating, and sell armrest bead making fascinator."
  }
},
{
  "model": "account.vendorprofile",
  "pk": 28,
  "fields": {
    "user": [
      "0543407417"
    ],
    "display_name": "Thess clothing",
    "ghana_card_id": "GHA-722654202-0",
    "ghana_card_verified": true,
    "vendor_profile_verified": true,
    "region": 3,
    "district": 3,
    "town": 3,
    "date_of_birth": null,
    "bio": "We make luxury custom made clothing for women"
  }
},
{
  "model": "account.vendorprofile",
  "pk": 29,
  "fields": {
    "user": [
      "0204052805"
    ],
    "display_name": "RASIN ART BY NYCLYN",
    "ghana_card_id": "GHA-728234265-5",
    "ghana_card_verified": true,
    "vendor_profile_verified": true,
    "region": 3,
    "district": 3,
    "town": 3,
    "date_of_birth": null,
    "bio": "EXPECT IN CREATING BEAUTIFUL AND AFFORDABLE RASIN ART PIECES"
  }
},
{
  "model": "account.vendorprofile",
  "pk": 30,
  "fields": {
    "user": [
      "0537635120"
    ],
    "display_name": "Eugenia Enterprise",
    "ghana_card_id": "GHA-722069868-4",
    "ghana_card_verified": true,
    "vendor_profile_verified": true,
    "region": 3,
    "district": 3,
    "town": 3,
    "date_of_birth": null,
    "bio": "We deliver the best pastries in different flavors0"
  }
},
{
  "model": "account.vendorprofile",
  "pk": 31,
  "fields": {
    "user": [
      "0597369936"
    ],
    "display_name": "Eunice Beauty Salon",
    "ghana_card_id": "GHA-722882407-6",
    "ghana_card_verified": true,
    "vendor_profile_verified": true,
    "region": 3,
    "district": 3,
    "town": 3,
    "date_of_birth": null,
    "bio": "Expects in hair making, braiding and washing"
  }
},
{
  "model": "account.vendorprofile",
  "pk": 32,
  "fields": {
    "user": [
      "0545584709"
    ],
    "display_name": "soap making expect",
    "ghana_card_id": "GHA-722278198-6",
    "ghana_card_verified": true,
    "vendor_profile_verified": true,
    "region": 3,
    "district": 3,
    "town": 3,
    "date_of_birth": null,
    "bio": "Authentic  custom made after wash liquid soap and detergents"
  }
},
{
  "model": "account.vendorprofile",
  "pk": 33,
  "fields": {
    "user": [
      "0207236419"
    ],
    "display_name": "OJHAY'S DECOR",
    "ghana_card_id": "GHA-725664690-9",
    "ghana_card_verified": true,
    "vendor_profile_verified": true,
    "region": 3,
    "district": 3,
    "town": 3,
    "date_of_birth": null,
    "bio": "Deals in home decor and interior designing."
  }
},
{
  "model": "account.vendorprofile",
  "pk": 34,
  "fields": {
    "user": [
      "0246460178"
    ],
    "display_name": "Lin's  Fashion",
    "ghana_card_id": "GHA-721803844-3",
    "ghana_card_verified": true,
    "vendor_profile_verified": true,
    "region": 3,
    "district": 3,
    "town": 3,
    "date_of_birth": null,
    "bio": "Lin's Fashion deal with all kind of unisex African wear being it;\r\nWEDDING DRESS, CHURCH WEARS, DINNER WEARS. ETC.\r\nWe offer you the best."
  }
},
{
  "model": "account.vendorprofile",
  "pk": 35,
  "fields": {
    "user": [
      "0203458440"
    ],
    "display_name": "di-doe local drinks and pastries",
    "ghana_card_id": "GHA-723009106-4",
    "ghana_card_verified": true,
    "vendor_profile_verified": true,
    "region": 3,
    "district": 3,
    "town": 3,
    "date_of_birth": null,
    "bio": "di-doe serves you the best local drinks like;\r\nlamogee\r\nsobolo\r\nasanna\r\nginger drink\r\npie\r\nchip\r\ncookies etc."
  }
},
{
  "model": "account.vendorprofile",
  "pk": 36,
  "fields": {
    "user": [
      "0538078226"
    ],
    "display_name": "Cosaka pastries",
    "ghana_card_id": "GHA-723024076-5",
    "ghana_card_verified": true,
    "vendor_profile_verified": true,
    "region": 3,
    "district": 3,
    "town": 3,
    "date_of_birth": null,
    "bio": "Cosaka pastries attend to all kinds of pastries\r\n-meat turnover\r\n-chips\r\n-dough nut\r\n-pizza\r\n-rock band\r\n-cake\r\n-Biscuits"
  }
},
{
  "model": "account.vendorprofile",
  "pk": 37,
  "fields": {
    "user": [
      "0543516631"
    ],
    "display_name": "NA JESUS WIN ENTERPRISE",
    "ghana_card_id": "GHA-721505630-3",
    "ghana_card_verified": true,
    "vendor_profile_verified": true,
    "region": 3,
    "district": 3,
    "town": 3,
    "date_of_birth": null,
    "bio": "NA JESUS WIN ENTERPRISE deals with \r\nDresses. Both Males and Females\r\nSanders/heels\r\nBags. Both ladies and mens \r\nJewelries\r\nHome appliances\r\nSpecial ABELA WALLS ice cream"
  }
},
{
  "model": "account.vendorprofile",
  "pk": 38,
  "fields": {
    "user": [
      "0551941314"
    ],
    "display_name": "Flourish clothes empire",
    "ghana_card_id": "GHA-728282956-3",
    "ghana_card_verified": true,
    "vendor_profile_verified": true,
    "region": 3,
    "district": 3,
    "town": 3,
    "date_of_birth": null,
    "bio": "Flourish clothes empire deals in selling all kinds of clothes being a male or female dresses and this are the categories; Togo dress, store shirt, trousers both male and female etc."
  }
},
{
  "model": "account.vendorprofile",
  "pk": 39,
  "fields": {
    "user": [
      "0549649141"
    ],
    "display_name": "shekira  enterprise",
    "ghana_card_id": "GHA-722319512-2",
    "ghana_card_verified": true,
    "vendor_profile_verified": true,
    "region": 3,
    "district": 3,
    "town": 3,
    "date_of_birth": null,
    "bio": "shekira  deal with shoes  clothes  slippers"
  }
},
{
  "model": "account.vendorprofile",
  "pk": 40,
  "fields": {
    "user": [
      "0242522671"
    ],
    "display_name": "Rita fashion",
    "ghana_card_id": "GHA-005380694-9",
    "ghana_card_verified": true,
    "vendor_profile_verified": true,
    "region": 3,
    "district": 3,
    "town": 3,
    "date_of_birth": null,
    "bio": "Ritas fashion care with your fashion styles. diner ware  wedding gown casual ware and all kinds of outfit."
  }
},
{
  "model": "account.vendorprofile",
  "pk": 41,
  "fields": {
    "user": [
      "0544810587"
    ],
    "display_name": "Linic Enterprise",
    "ghana_card_id": "GHA-723097536-4",
    "ghana_card_verified": true,
    "vendor_profile_verified": true,
    "region": 3,
    "district": 3,
    "town": 3,
    "date_of_birth": null,
    "bio": "Linic enterprise Sell all kind of items such as dress; bags ,shoe and many more"
  }
},
{
  "model": "account.vendorprofile",
  "pk": 42,
  "fields": {
    "user": [
      "0246065830"
    ],
    "display_name": "Katherine b fashion",
    "ghana_card_id": "GHA-721640041-5",
    "ghana_card_verified": true,
    "vendor_profile_verified": true,
    "region": 3,
    "district": 3,
    "town": 3,
    "date_of_birth": null,
    "bio": "Katherine b fashion deals in sewing all kinds of unisex clothing, been it kaba and slit, men and women shots, skirt , trouser and siut for your weddings ,funerals  etc ."
  }
},
{
  "model": "account.vendorprofile",
  "pk": 43,
  "fields": {
    "user": [
      "0555733413"
    ],
    "display_name": "jehovahnissifastfood",
    "ghana_card_id": "GHA-722885083-5",
    "ghana_card_verified": true,
    "vendor_profile_verified": true,
    "region": 3,
    "district": 3,
    "town": 3,
    "date_of_birth": null,
    "bio": "jejovahnissifastfood; we sell kenkey stew ,banku, beans etc"
  }
},
{
  "model": "account.vendorprofile",
  "pk": 44,
  "fields": {
    "user": [
      "0246374974"
    ],
    "display_name": "adom.bintieteprise",
    "ghana_card_id": "GHA-721499701-4",
    "ghana_card_verified": true,
    "vendor_profile_verified": true,
    "region": 3,
    "district": 3,
    "town": 3,
    "date_of_birth": null,
    "bio": "SOAP MAKING SHOWER GEL    softener  power zone   liquid soap  \r\nbread making"
  }
},
{
  "model": "account.vendorprofile",
  "pk": 45,
  "fields": {
    "user": [
      "0531580658"
    ],
    "display_name": "good name store",
    "ghana_card_id": "GHA-722739742-5",
    "ghana_card_verified": true,
    "vendor_profile_verified": true,
    "region": 3,
    "district": 3,
    "town": 3,
    "date_of_birth": null,
    "bio": "we sell quality and affordable rubber bowls such as bathing \r\nbowls.collectors.freezer bowls etc"
  }
},
{
  "model": "account.vendorprofile",
  "pk": 46,
  "fields": {
    "user": [
      "0545985668"
    ],
    "display_name": "joyclin fashing and deco center",
    "ghana_card_id": "GHA-721991583-9",
    "ghana_card_verified": true,
    "vendor_profile_verified": true,
    "region": 3,
    "district": 3,
    "town": 3,
    "date_of_birth": null,
    "bio": "joyclin fashing and deco  we sew drees s like weeding drees slit  and kaba  we also make decorations like weeding deco.funoral deco and other programs that need drcorations"
  }
},
{
  "model": "account.vendorprofile",
  "pk": 47,
  "fields": {
    "user": [
      "0594633317"
    ],
    "display_name": "Beverages by Rachael",
    "ghana_card_id": "GHA-722540468-2",
    "ghana_card_verified": true,
    "vendor_profile_verified": true,
    "region": 3,
    "district": 3,
    "town": 3,
    "date_of_birth": null,
    "bio": "I make and sell dellicious beverages like\r\nOat\r\nWheat\r\nTom Brown\r\nRice Porridge"
  }
},
{
  "model": "account.vendorprofile",
  "pk": 48,
  "fields": {
    "user": [
      "0543863708"
    ],
    "display_name": "Prosperity Enterprise",
    "ghana_card_id": "GHA-722017368-0",
    "ghana_card_verified": true,
    "vendor_profile_verified": true,
    "region": 3,
    "district": 3,
    "town": 3,
    "date_of_birth": null,
    "bio": "Prosperity Enterprise we sell Baby diaper some is that hand"
  }
},
{
  "model": "account.vendorprofile",
  "pk": 49,
  "fields": {
    "user": [
      "0554928603"
    ],
    "display_name": "gene meat pie enterpriess",
    "ghana_card_id": "GHA-722418892-5",
    "ghana_card_verified": true,
    "vendor_profile_verified": true,
    "region": 3,
    "district": 3,
    "town": 3,
    "date_of_birth": null,
    "bio": "we make all kinds of pie"
  }
},
{
  "model": "account.vendorprofile",
  "pk": 50,
  "fields": {
    "user": [
      "0245512207"
    ],
    "display_name": "Patricia beauty salon",
    "ghana_card_id": "GHA-722559894-3",
    "ghana_card_verified": true,
    "vendor_profile_verified": true,
    "region": 3,
    "district": 3,
    "town": 3,
    "date_of_birth": null,
    "bio": "Beautician wig making hair washing braiding"
  }
},
{
  "model": "account.vendorprofile",
  "pk": 51,
  "fields": {
    "user": [
      "0556308793"
    ],
    "display_name": "Aristolady Beauty Dresses",
    "ghana_card_id": "GHA-717855147-3",
    "ghana_card_verified": true,
    "vendor_profile_verified": true,
    "region": 1,
    "district": 1,
    "town": 1,
    "date_of_birth": null,
    "bio": "womens and mens wear"
  }
},
{
  "model": "account.vendorprofile",
  "pk": 52,
  "fields": {
    "user": [
      "0549108813"
    ],
    "display_name": "Agi's fashion and stitches center",
    "ghana_card_id": "GHA-718518432-1",
    "ghana_card_verified": true,
    "vendor_profile_verified": true,
    "region": 1,
    "district": 1,
    "town": 1,
    "date_of_birth": null,
    "bio": "Agi's fashion and stitches center deal with women dress, child dress, corset and many more"
  }
},
{
  "model": "account.vendorprofile",
  "pk": 53,
  "fields": {
    "user": [
      "0248782971"
    ],
    "display_name": "Mama Goodys Deco and Fashion",
    "ghana_card_id": "GHA-002981296-5",
    "ghana_card_verified": true,
    "vendor_profile_verified": true,
    "region": 1,
    "district": 1,
    "town": 1,
    "date_of_birth": null,
    "bio": "Mama Goodys fashion and deco, we deal with decorations, fashion designing, flower wreath and pastries. we serve you better."
  }
},
{
  "model": "account.vendorprofile",
  "pk": 54,
  "fields": {
    "user": [
      "0246815739"
    ],
    "display_name": "Racheal's Fashion and Design Center",
    "ghana_card_id": "GHA-003280132-7",
    "ghana_card_verified": true,
    "vendor_profile_verified": true,
    "region": 1,
    "district": 1,
    "town": 1,
    "date_of_birth": null,
    "bio": "Racheal's fashion and design deals in all kinds of women clothing , weddings and more .\r\nWe are located at Bekwai"
  }
},
{
  "model": "account.vendorprofile",
  "pk": 55,
  "fields": {
    "user": [
      "0552565648"
    ],
    "display_name": "Pretty Girls Corner",
    "ghana_card_id": "GHA-725434362-2",
    "ghana_card_verified": true,
    "vendor_profile_verified": true,
    "region": 1,
    "district": 1,
    "town": 1,
    "date_of_birth": null,
    "bio": "Pretty Girls Corner import and sell all kinds of ladies' wear, men wear, kids wear and home appliances from UK, China, Nigeria and Dubai at unbeatable prices. We deal in wholesale and retail. We are located at Asante Bekwai in the Ashanti Region, and we also offer delivery nationwide and worldwide.\r\nWe are ever ready to serve you at any day and anytime, WhatsApp the number 0552565648 to shop with us now."
  }
},
{
  "model": "account.vendorprofile",
  "pk": 56,
  "fields": {
    "user": [
      "0257585032"
    ],
    "display_name": "Azure Enterprises",
    "ghana_card_id": "GHA-724739264-0",
    "ghana_card_verified": true,
    "vendor_profile_verified": true,
    "region": 1,
    "district": 1,
    "town": 1,
    "date_of_birth": null,
    "bio": "Azure Enterprises deals in all kinds of womans clothing, talk about corset dresses, Kaba and slit, we sell all of them at affordable price"
  }
},
{
  "model": "account.vendorprofile",
  "pk": 57,
  "fields": {
    "user": [
      ""
    ],
    "display_name": "Lizz Bee's Unisex Kreations",
    "ghana_card_id": "GHA-716701317-3",
    "ghana_card_verified": true,
    "vendor_profile_verified": true,
    "region": 1,
    "district": 1,
    "town": 1,
    "date_of_birth": null,
    "bio": "Lizz Bee's Unisex Kreations we sew all kinds of outfits including lady's wear, gents wear, kids wear for all your occasions."
  }
},
{
  "model": "account.vendorprofile",
  "pk": 58,
  "fields": {
    "user": [
      "0556578511"
    ],
    "display_name": "Thequeenraven Beauty Shop",
    "ghana_card_id": "GHA-718041226-1",
    "ghana_card_verified": true,
    "vendor_profile_verified": true,
    "region": 1,
    "district": 1,
    "town": 1,
    "date_of_birth": null,
    "bio": "I provide all beauty services including nails, hair styling, wigs and wig installation, pedicure, makeup..."
  }
},
{
  "model": "account.vendorprofile",
  "pk": 59,
  "fields": {
    "user": [
      "0536444249"
    ],
    "display_name": "Abi's business",
    "ghana_card_id": "GHA-727849555-0",
    "ghana_card_verified": true,
    "vendor_profile_verified": true,
    "region": 1,
    "district": 1,
    "town": 1,
    "date_of_birth": null,
    "bio": "Abi's business is a business that deal with fashion and slit and kaba"
  }
},
{
  "model": "account.vendorprofile",
  "pk": 60,
  "fields": {
    "user": [
      "0592972632"
    ],
    "display_name": "Owusuaa Enterprise",
    "ghana_card_id": "GHA-730734987-2",
    "ghana_card_verified": true,
    "vendor_profile_verified": true,
    "region": 1,
    "district": 1,
    "town": 1,
    "date_of_birth": null,
    "bio": "Owusuaa Enterprise deal in all kinds of women clothing talk about corseut dresses kaba and slit we sell all of them at affordable price"
  }
},
{
  "model": "account.vendorprofile",
  "pk": 61,
  "fields": {
    "user": [
      "0248548825"
    ],
    "display_name": "Dansandys Clothing",
    "ghana_card_id": "GHA-003238259-2",
    "ghana_card_verified": true,
    "vendor_profile_verified": true,
    "region": 1,
    "district": 1,
    "town": 1,
    "date_of_birth": null,
    "bio": "Dan Sandys Clothing in deal with all kinds of women clothing talk about dresses, Kaba and slit with affordable price"
  }
},
{
  "model": "account.vendorprofile",
  "pk": 62,
  "fields": {
    "user": [
      "0534680911"
    ],
    "display_name": "Obaapa Ama fashion and decoration",
    "ghana_card_id": "GHA-716591923-7",
    "ghana_card_verified": true,
    "vendor_profile_verified": true,
    "region": 1,
    "district": 1,
    "town": 1,
    "date_of_birth": null,
    "bio": "Obaapa Ama fashion and decoration deals all kinds of women clothing including corset dress, wedding dress, church dress etc.contact us for affordable services."
  }
},
{
  "model": "account.vendorprofile",
  "pk": 63,
  "fields": {
    "user": [
      "0546246567"
    ],
    "display_name": "Tilly's Fashion & Deco",
    "ghana_card_id": "GHA-718462967-4",
    "ghana_card_verified": true,
    "vendor_profile_verified": true,
    "region": 1,
    "district": 1,
    "town": 1,
    "date_of_birth": null,
    "bio": "Tilly's Fashion & Deco, we deal with fashion designing, wedding accessories and Decorations. We work with diligence. Contact us for affordable services."
  }
},
{
  "model": "account.vendorprofile",
  "pk": 64,
  "fields": {
    "user": [
      "0544710750"
    ],
    "display_name": "Maranex Beauty studio",
    "ghana_card_id": "GHA-000489565-1",
    "ghana_card_verified": true,
    "vendor_profile_verified": true,
    "region": 1,
    "district": 1,
    "town": 1,
    "date_of_birth": null,
    "bio": "Maranex beauty studio deals in all kinds of hair styles, talks about ponytails, frontal wig installation, weavon making, cornrow styles, nails, waves, makeup and we sell hair extension Contact us for affordable prices.l"
  }
},
{
  "model": "account.vendorprofile",
  "pk": 65,
  "fields": {
    "user": [
      "0591491866"
    ],
    "display_name": "Anita Beauty Salon",
    "ghana_card_id": "GHA-003154152-1",
    "ghana_card_verified": true,
    "vendor_profile_verified": true,
    "region": 1,
    "district": 1,
    "town": 1,
    "date_of_birth": null,
    "bio": "Anita Beauty salon deals in all kinds of hairstyles like frontal wig installing, weavon making, cornrow styles, makeups, nails and we sell hair extension. contact us for affordable prices."
  }
},
{
  "model": "account.vendorprofile",
  "pk": 66,
  "fields": {
    "user": [
      "0201855981"
    ],
    "display_name": "Belunas Fashion and Decoration",
    "ghana_card_id": "GHA-729741150-8",
    "ghana_card_verified": true,
    "vendor_profile_verified": true,
    "region": 1,
    "district": 1,
    "town": 1,
    "date_of_birth": null,
    "bio": "DEALS WITH WOMEN DRESSES,EXAMPLE CORSET,WEDDIND AND ENGAGEMET DRESSES, DECORATION,BEADING,FASCINATOR, ETC."
  }
},
{
  "model": "account.vendorprofile",
  "pk": 67,
  "fields": {
    "user": [
      "0245989981"
    ],
    "display_name": "Perfume Bar",
    "ghana_card_id": "GHA-004189086-4",
    "ghana_card_verified": true,
    "vendor_profile_verified": true,
    "region": 1,
    "district": 1,
    "town": 1,
    "date_of_birth": null,
    "bio": "Beauty and Cosmetics. Retail of perfumes, body splashes, deodorants, antiperspirants and all kinds of luxury brand perfumes."
  }
},
{
  "model": "account.vendorprofile",
  "pk": 68,
  "fields": {
    "user": [
      "0596411704"
    ],
    "display_name": "Fokuo Fashion",
    "ghana_card_id": "GHA-718652351-8",
    "ghana_card_verified": true,
    "vendor_profile_verified": true,
    "region": 1,
    "district": 1,
    "town": 1,
    "date_of_birth": null,
    "bio": "Fashion designer for women clothing and wedding  decoration"
  }
},
{
  "model": "account.vendorprofile",
  "pk": 69,
  "fields": {
    "user": [
      "0537046615"
    ],
    "display_name": "Precious Fashion and Decoration",
    "ghana_card_id": "GHA-717122372-2",
    "ghana_card_verified": true,
    "vendor_profile_verified": true,
    "region": 1,
    "district": 1,
    "town": 1,
    "date_of_birth": null,
    "bio": "DEALS WITH WOMEN DRESSES EXAMPLE CORET WEDDND AND ENGAGEMET DRESSES DECORATIONBEADING FASCRINATOR E.G"
  }
},
{
  "model": "account.vendorprofile",
  "pk": 70,
  "fields": {
    "user": [
      "0551104219"
    ],
    "display_name": "Gee Fashion and Deco",
    "ghana_card_id": "GHA-729425858-2",
    "ghana_card_verified": true,
    "vendor_profile_verified": true,
    "region": 1,
    "district": 1,
    "town": 1,
    "date_of_birth": null,
    "bio": "Gee fashion and deco is deals in women clothing. We are sharp and swift, we make sure to work according to time. contact us for afferdable work."
  }
},
{
  "model": "account.vendorprofile",
  "pk": 71,
  "fields": {
    "user": [
      "0556640577"
    ],
    "display_name": "Grace Ti Enterprise",
    "ghana_card_id": "GHA-003277881-4",
    "ghana_card_verified": true,
    "vendor_profile_verified": true,
    "region": 1,
    "district": 1,
    "town": 1,
    "date_of_birth": null,
    "bio": "Grace Ti and Deco deals on men and women clothing. We are shoe and swift we make sure to work accord to time contact us now"
  }
},
{
  "model": "account.vendorprofile",
  "pk": 72,
  "fields": {
    "user": [
      "0543837014"
    ],
    "display_name": "Gifty Asamoah Fashion Designer",
    "ghana_card_id": "GHA-718552292-3",
    "ghana_card_verified": true,
    "vendor_profile_verified": true,
    "region": 1,
    "district": 1,
    "town": 1,
    "date_of_birth": null,
    "bio": "Womans dress wedding dress brail fan wedding decoration"
  }
},
{
  "model": "account.vendorprofile",
  "pk": 73,
  "fields": {
    "user": [
      "0596627681"
    ],
    "display_name": "Evacious Fashion",
    "ghana_card_id": "GHA-729436993-2",
    "ghana_card_verified": true,
    "vendor_profile_verified": true,
    "region": 1,
    "district": 1,
    "town": 1,
    "date_of_birth": null,
    "bio": "I sew men and women clothing e.g. weeding dress and corset dress."
  }
},
{
  "model": "account.vendorprofile",
  "pk": 74,
  "fields": {
    "user": [
      "0240474319"
    ],
    "display_name": "PESPI KLODDING",
    "ghana_card_id": "GHA-718594123-8",
    "ghana_card_verified": true,
    "vendor_profile_verified": true,
    "region": 1,
    "district": 1,
    "town": 1,
    "date_of_birth": null,
    "bio": "I sew men and women clouding e.g. consent dress wedding dress and suit"
  }
},
{
  "model": "account.vendorprofile",
  "pk": 75,
  "fields": {
    "user": [
      "0533226277"
    ],
    "display_name": "Precious Fashion Deco",
    "ghana_card_id": "GHA-725425706-2",
    "ghana_card_verified": true,
    "vendor_profile_verified": true,
    "region": 1,
    "district": 1,
    "town": 1,
    "date_of_birth": null,
    "bio": "Precious fashion and deco we do everything about fashion and also everything about decoration"
  }
},
{
  "model": "account.vendorprofile",
  "pk": 76,
  "fields": {
    "user": [
      "0257681795"
    ],
    "display_name": "adwoabeautysalon",
    "ghana_card_id": "GHA-002831481-7",
    "ghana_card_verified": true,
    "vendor_profile_verified": true,
    "region": 1,
    "district": 1,
    "town": 1,
    "date_of_birth": null,
    "bio": "Adwoa Beaty Salon in all kind hairstyles we can do cornrow styles,ponytail,wiginstalla hair of all kind of styles"
  }
},
{
  "model": "account.vendorprofile",
  "pk": 77,
  "fields": {
    "user": [
      "0554418449"
    ],
    "display_name": "Lizz bee's unisex kreation",
    "ghana_card_id": "GHA-716701317-3",
    "ghana_card_verified": true,
    "vendor_profile_verified": true,
    "region": 1,
    "district": 1,
    "town": 1,
    "date_of_birth": null,
    "bio": "Lizz bee's unisex kreation deals with ladies wear, gents wear and kids wear."
  }
},
{
  "model": "account.vendorprofile",
  "pk": 82,
  "fields": {
    "user": [
      "0543306447"
    ],
    "display_name": "Kente Store",
    "ghana_card_id": "GHA-423456789-0",
    "ghana_card_verified": true,
    "vendor_profile_verified": true,
    "region": 1,
    "district": 1,
    "town": 1,
    "date_of_birth": null,
    "bio": "kjnkjnjknkj fkj kj kj"
  }
},
{
  "model": "account.vendorprofile",
  "pk": 83,
  "fields": {
    "user": [
      "0549479744"
    ],
    "display_name": "dankasa premium",
    "ghana_card_id": "GHA-721737808-5",
    "ghana_card_verified": true,
    "vendor_profile_verified": true,
    "region": 3,
    "district": 3,
    "town": 3,
    "date_of_birth": null,
    "bio": "l sells shea butter, black soaps, body creams and creams for hair"
  }
},
{
  "model": "account.vendorprofile",
  "pk": 84,
  "fields": {
    "user": [
      "0549656196"
    ],
    "display_name": "jehovahnissistore",
    "ghana_card_id": "GHA-722889455-6",
    "ghana_card_verified": true,
    "vendor_profile_verified": true,
    "region": 3,
    "district": 3,
    "town": 3,
    "date_of_birth": null,
    "bio": "jehovavnissistore we give you quality and affordable bowls such as bathing barkets collectors pills frizeer bowls etc"
  }
},
{
  "model": "account.vendorprofile",
  "pk": 85,
  "fields": {
    "user": [
      "0242646974"
    ],
    "display_name": "Vcash fashion and designer center",
    "ghana_card_id": "GHA-721658250-2",
    "ghana_card_verified": true,
    "vendor_profile_verified": true,
    "region": 3,
    "district": 3,
    "town": 3,
    "date_of_birth": null,
    "bio": "We design the best clothes for all programmes and events"
  }
},
{
  "model": "account.vendorprofile",
  "pk": 86,
  "fields": {
    "user": [
      "0549260319"
    ],
    "display_name": "My Redeemer Livrth Fashion Inn",
    "ghana_card_id": "GHA-722170663-4",
    "ghana_card_verified": true,
    "vendor_profile_verified": true,
    "region": 3,
    "district": 3,
    "town": 3,
    "date_of_birth": null,
    "bio": "Drees Making"
  }
},
{
  "model": "account.vendorprofile",
  "pk": 87,
  "fields": {
    "user": [
      "0201690688"
    ],
    "display_name": "gracebeutybeqds",
    "ghana_card_id": "GHA-725804541-8",
    "ghana_card_verified": true,
    "vendor_profile_verified": true,
    "region": 3,
    "district": 3,
    "town": 3,
    "date_of_birth": null,
    "bio": "gracebeautybeads we sell all kinds of beads for both genders"
  }
},
{
  "model": "product_service_management.sku",
  "pk": 1,
  "fields": {
    "name": "Litre",
    "description": "Litres",
    "creator": null
  }
},
{
  "model": "product_service_management.sku",
  "pk": 2,
  "fields": {
    "name": "Pound",
    "description": "Pounds",
    "creator": null
  }
},
{
  "model": "product_service_management.sku",
  "pk": 3,
  "fields": {
    "name": "Kilo",
    "description": "Kilo",
    "creator": null
  }
},
{
  "model": "product_service_management.sku",
  "pk": 4,
  "fields": {
    "name": "Bag",
    "description": "Bags",
    "creator": null
  }
},
{
  "model": "product_service_management.sku",
  "pk": 5,
  "fields": {
    "name": "Box",
    "description": "Boxes",
    "creator": null
  }
},
{
  "model": "product_service_management.sku",
  "pk": 6,
  "fields": {
    "name": "Olonka",
    "description": "Olonka",
    "creator": null
  }
},
{
  "model": "product_service_management.sku",
  "pk": 7,
  "fields": {
    "name": "Crate",
    "description": "Crate",
    "creator": null
  }
},
{
  "model": "product_service_management.sku",
  "pk": 8,
  "fields": {
    "name": "Yard",
    "description": "Yard",
    "creator": null
  }
},
{
  "model": "product_service_management.sku",
  "pk": 9,
  "fields": {
    "name": "Bundle",
    "description": "Bundle",
    "creator": null
  }
},
{
  "model": "product_service_management.sku",
  "pk": 10,
  "fields": {
    "name": "Item",
    "description": "Item",
    "creator": null
  }
},
{
  "model": "product_service_management.sku",
  "pk": 11,
  "fields": {
    "name": "Bottle",
    "description": "Bottle",
    "creator": null
  }
},
{
  "model": "product_service_management.sku",
  "pk": 12,
  "fields": {
    "name": "Pair",
    "description": "Pair",
    "creator": null
  }
},
{
  "model": "product_service_management.sku",
  "pk": 13,
  "fields": {
    "name": "Unit",
    "description": "Unit",
    "creator": null
  }
},
{
  "model": "product_service_management.sku",
  "pk": 14,
  "fields": {
    "name": "Piece",
    "description": "Piece",
    "creator": null
  }
},
{
  "model": "product_service_management.sku",
  "pk": 15,
  "fields": {
    "name": "Tuber",
    "description": "Tuber",
    "creator": null
  }
},
{
  "model": "product_service_management.sku",
  "pk": 16,
  "fields": {
    "name": "Extension",
    "description": "Extension",
    "creator": null
  }
},
{
  "model": "product_service_management.sku",
  "pk": 17,
  "fields": {
    "name": "Strip",
    "description": "Strip",
    "creator": null
  }
},
{
  "model": "product_service_management.sku",
  "pk": 18,
  "fields": {
    "name": "Sachet",
    "description": "Sachet",
    "creator": null
  }
},
{
  "model": "product_service_management.category",
  "pk": 80,
  "fields": {
    "name": "Fashion Accessories",
    "type": "product",
    "parent": null,
    "description": "Fashion Accessories",
    "icon": "category_icons/aeeac982bf52302664395d65383f39b8.jpg",
    "is_active": true,
    "featured": false,
    "available_sku": [
      3,
      4,
      8,
      9,
      10,
      11,
      12
    ]
  }
},
{
  "model": "product_service_management.category",
  "pk": 81,
  "fields": {
    "name": "Women",
    "type": "product",
    "parent": 80,
    "description": "Women",
    "icon": "",
    "is_active": true,
    "featured": false,
    "available_sku": []
  }
},
{
  "model": "product_service_management.category",
  "pk": 82,
  "fields": {
    "name": "Men",
    "type": "product",
    "parent": 80,
    "description": "Men",
    "icon": "",
    "is_active": true,
    "featured": false,
    "available_sku": []
  }
},
{
  "model": "product_service_management.category",
  "pk": 83,
  "fields": {
    "name": "Boys",
    "type": "product",
    "parent": 80,
    "description": "Boys",
    "icon": "",
    "is_active": true,
    "featured": false,
    "available_sku": []
  }
},
{
  "model": "product_service_management.category",
  "pk": 84,
  "fields": {
    "name": "Girls",
    "type": "product",
    "parent": 80,
    "description": "Girls",
    "icon": "",
    "is_active": true,
    "featured": false,
    "available_sku": []
  }
},
{
  "model": "product_service_management.category",
  "pk": 85,
  "fields": {
    "name": "Food & Groceries",
    "type": "product",
    "parent": null,
    "description": "Food & Groceries",
    "icon": "category_icons/072803aca04570f7bfa1e27c653bfa4d.jpg",
    "is_active": true,
    "featured": false,
    "available_sku": []
  }
},
{
  "model": "product_service_management.category",
  "pk": 86,
  "fields": {
    "name": "Snacks & Delicacies",
    "type": "product",
    "parent": 85,
    "description": "Snacks & Delicacies",
    "icon": "",
    "is_active": true,
    "featured": false,
    "available_sku": []
  }
},
{
  "model": "product_service_management.category",
  "pk": 87,
  "fields": {
    "name": "Bakery",
    "type": "product",
    "parent": 85,
    "description": "Bakery",
    "icon": "",
    "is_active": true,
    "featured": false,
    "available_sku": []
  }
},
{
  "model": "product_service_management.category",
  "pk": 88,
  "fields": {
    "name": "Farm products",
    "type": "product",
    "parent": 85,
    "description": "Farm products",
    "icon": "",
    "is_active": true,
    "featured": false,
    "available_sku": []
  }
},
{
  "model": "product_service_management.category",
  "pk": 89,
  "fields": {
    "name": "Health & Beauty",
    "type": "product",
    "parent": null,
    "description": "Health & Beauty",
    "icon": "",
    "is_active": true,
    "featured": false,
    "available_sku": []
  }
},
{
  "model": "product_service_management.category",
  "pk": 90,
  "fields": {
    "name": "Hair care Product",
    "type": "product",
    "parent": 89,
    "description": "Hair care Product",
    "icon": "",
    "is_active": true,
    "featured": false,
    "available_sku": []
  }
},
{
  "model": "product_service_management.category",
  "pk": 91,
  "fields": {
    "name": "Herbal Products",
    "type": "product",
    "parent": 89,
    "description": "Herbal Products",
    "icon": "",
    "is_active": true,
    "featured": false,
    "available_sku": []
  }
},
{
  "model": "product_service_management.category",
  "pk": 92,
  "fields": {
    "name": "Skincare products",
    "type": "product",
    "parent": 89,
    "description": "Skincare products",
    "icon": "",
    "is_active": true,
    "featured": false,
    "available_sku": []
  }
},
{
  "model": "product_service_management.category",
  "pk": 93,
  "fields": {
    "name": "African Fabrics",
    "type": "product",
    "parent": null,
    "description": "African Fabrics",
    "icon": "category_icons/arican_fabrics.jpg",
    "is_active": true,
    "featured": false,
    "available_sku": []
  }
},
{
  "model": "product_service_management.category",
  "pk": 94,
  "fields": {
    "name": "Kente",
    "type": "product",
    "parent": 93,
    "description": "Kente",
    "icon": "",
    "is_active": true,
    "featured": false,
    "available_sku": []
  }
},
{
  "model": "product_service_management.category",
  "pk": 95,
  "fields": {
    "name": "GTP",
    "type": "product",
    "parent": 93,
    "description": "GTP",
    "icon": "",
    "is_active": true,
    "featured": false,
    "available_sku": []
  }
},
{
  "model": "product_service_management.category",
  "pk": 96,
  "fields": {
    "name": "Woodin",
    "type": "product",
    "parent": 93,
    "description": "Woodin",
    "icon": "",
    "is_active": true,
    "featured": false,
    "available_sku": []
  }
},
{
  "model": "product_service_management.category",
  "pk": 97,
  "fields": {
    "name": "Polished Cotton",
    "type": "product",
    "parent": 93,
    "description": "Polished Cotton",
    "icon": "",
    "is_active": true,
    "featured": false,
    "available_sku": []
  }
},
{
  "model": "product_service_management.category",
  "pk": 98,
  "fields": {
    "name": "Tie & Dye",
    "type": "product",
    "parent": 93,
    "description": "Tie & Dye",
    "icon": "",
    "is_active": true,
    "featured": false,
    "available_sku": []
  }
},
{
  "model": "product_service_management.category",
  "pk": 99,
  "fields": {
    "name": "Arts, Crafts & Sewing",
    "type": "service",
    "parent": null,
    "description": "Arts, Crafts & Sewing",
    "icon": "category_icons/istockphoto-172134865-612x612.jpg",
    "is_active": true,
    "featured": false,
    "available_sku": []
  }
},
{
  "model": "product_service_management.category",
  "pk": 100,
  "fields": {
    "name": "Painting",
    "type": "service",
    "parent": 99,
    "description": "Painting",
    "icon": "",
    "is_active": true,
    "featured": false,
    "available_sku": []
  }
},
{
  "model": "product_service_management.category",
  "pk": 101,
  "fields": {
    "name": "Drawing",
    "type": "service",
    "parent": 99,
    "description": "Drawing",
    "icon": "",
    "is_active": true,
    "featured": false,
    "available_sku": []
  }
},
{
  "model": "product_service_management.category",
  "pk": 102,
  "fields": {
    "name": "Arts",
    "type": "service",
    "parent": 99,
    "description": "Arts",
    "icon": "",
    "is_active": true,
    "featured": false,
    "available_sku": []
  }
},
{
  "model": "product_service_management.category",
  "pk": 103,
  "fields": {
    "name": "Sculpture",
    "type": "service",
    "parent": 99,
    "description": "Sculpture",
    "icon": "",
    "is_active": true,
    "featured": false,
    "available_sku": []
  }
},
{
  "model": "product_service_management.category",
  "pk": 104,
  "fields": {
    "name": "Wood carving",
    "type": "service",
    "parent": 99,
    "description": "Wood carving",
    "icon": "",
    "is_active": true,
    "featured": false,
    "available_sku": []
  }
},
{
  "model": "product_service_management.category",
  "pk": 105,
  "fields": {
    "name": "Gift Wrapping",
    "type": "service",
    "parent": 99,
    "description": "Gift Wrapping",
    "icon": "",
    "is_active": true,
    "featured": false,
    "available_sku": []
  }
},
{
  "model": "product_service_management.category",
  "pk": 106,
  "fields": {
    "name": "Detergents & Soaps",
    "type": "product",
    "parent": null,
    "description": "Detergents & Soaps",
    "icon": "category_icons/0c5692d67d7350847a6fe3800d0c51ef.jpg",
    "is_active": true,
    "featured": false,
    "available_sku": []
  }
},
{
  "model": "product_service_management.category",
  "pk": 107,
  "fields": {
    "name": "Afterwash",
    "type": "product",
    "parent": 106,
    "description": "Afterwash",
    "icon": "",
    "is_active": true,
    "featured": false,
    "available_sku": []
  }
},
{
  "model": "product_service_management.category",
  "pk": 108,
  "fields": {
    "name": "Powered soap",
    "type": "product",
    "parent": 106,
    "description": "Powered soap",
    "icon": "",
    "is_active": true,
    "featured": false,
    "available_sku": []
  }
},
{
  "model": "product_service_management.category",
  "pk": 109,
  "fields": {
    "name": "Liquid soap",
    "type": "product",
    "parent": 106,
    "description": "Liquid soap",
    "icon": "",
    "is_active": true,
    "featured": false,
    "available_sku": []
  }
},
{
  "model": "product_service_management.category",
  "pk": 110,
  "fields": {
    "name": "Antiseptic",
    "type": "product",
    "parent": 106,
    "description": "Antiseptic",
    "icon": "",
    "is_active": true,
    "featured": false,
    "available_sku": []
  }
},
{
  "model": "product_service_management.category",
  "pk": 111,
  "fields": {
    "name": "Home tool & Appliances",
    "type": "product",
    "parent": null,
    "description": "Home tool & Appliances",
    "icon": "category_icons/2fe8e0408ff0c07e464d14da06e9de33.jpg",
    "is_active": true,
    "featured": false,
    "available_sku": []
  }
},
{
  "model": "product_service_management.category",
  "pk": 113,
  "fields": {
    "name": "Electrical appliances",
    "type": "product",
    "parent": 111,
    "description": "Electrical appliances",
    "icon": "",
    "is_active": true,
    "featured": false,
    "available_sku": []
  }
},
{
  "model": "product_service_management.category",
  "pk": 114,
  "fields": {
    "name": "Furniture",
    "type": "product",
    "parent": null,
    "description": "Furniture",
    "icon": "category_icons/928a3eef431c290ac68e52c2f047bd20.jpg",
    "is_active": true,
    "featured": false,
    "available_sku": []
  }
},
{
  "model": "product_service_management.category",
  "pk": 115,
  "fields": {
    "name": "Living",
    "type": "product",
    "parent": 114,
    "description": "Living",
    "icon": "",
    "is_active": true,
    "featured": false,
    "available_sku": []
  }
},
{
  "model": "product_service_management.category",
  "pk": 116,
  "fields": {
    "name": "Kitchen",
    "type": "product",
    "parent": 114,
    "description": "Kitchen",
    "icon": "",
    "is_active": true,
    "featured": false,
    "available_sku": []
  }
},
{
  "model": "product_service_management.category",
  "pk": 117,
  "fields": {
    "name": "Dining",
    "type": "product",
    "parent": 114,
    "description": "Dining",
    "icon": "",
    "is_active": true,
    "featured": false,
    "available_sku": []
  }
},
{
  "model": "product_service_management.category",
  "pk": 118,
  "fields": {
    "name": "Bedroom",
    "type": "product",
    "parent": 114,
    "description": "Bedroom",
    "icon": "",
    "is_active": true,
    "featured": false,
    "available_sku": []
  }
},
{
  "model": "product_service_management.category",
  "pk": 119,
  "fields": {
    "name": "Bathroom",
    "type": "product",
    "parent": 114,
    "description": "Bathroom",
    "icon": "",
    "is_active": true,
    "featured": false,
    "available_sku": []
  }
},
{
  "model": "product_service_management.category",
  "pk": 121,
  "fields": {
    "name": "Office",
    "type": "product",
    "parent": 114,
    "description": "Office",
    "icon": "",
    "is_active": true,
    "featured": false,
    "available_sku": []
  }
},
{
  "model": "product_service_management.category",
  "pk": 126,
  "fields": {
    "name": "Supplements",
    "type": "product",
    "parent": null,
    "description": "Supplements",
    "icon": "",
    "is_active": true,
    "featured": false,
    "available_sku": []
  }
},
{
  "model": "product_service_management.category",
  "pk": 130,
  "fields": {
    "name": "Baby products",
    "type": "product",
    "parent": null,
    "description": "Baby products",
    "icon": "category_icons/istockphoto-864501328-612x612.jpg",
    "is_active": true,
    "featured": false,
    "available_sku": []
  }
},
{
  "model": "product_service_management.category",
  "pk": 131,
  "fields": {
    "name": "Boys & Girls Products",
    "type": "product",
    "parent": 130,
    "description": "Boys & Girls Products",
    "icon": "",
    "is_active": true,
    "featured": false,
    "available_sku": []
  }
},
{
  "model": "product_service_management.category",
  "pk": 132,
  "fields": {
    "name": "Skin Care",
    "type": "product",
    "parent": 130,
    "description": "Skin Care",
    "icon": "",
    "is_active": true,
    "featured": false,
    "available_sku": []
  }
},
{
  "model": "product_service_management.category",
  "pk": 133,
  "fields": {
    "name": "Feeding",
    "type": "product",
    "parent": 130,
    "description": "Feeding",
    "icon": "",
    "is_active": true,
    "featured": false,
    "available_sku": []
  }
},
{
  "model": "product_service_management.category",
  "pk": 134,
  "fields": {
    "name": "Diapers",
    "type": "product",
    "parent": 130,
    "description": "Diapers",
    "icon": "",
    "is_active": true,
    "featured": false,
    "available_sku": []
  }
},
{
  "model": "product_service_management.category",
  "pk": 146,
  "fields": {
    "name": "Farming",
    "type": null,
    "parent": null,
    "description": "Farming",
    "icon": "",
    "is_active": true,
    "featured": false,
    "available_sku": []
  }
},
{
  "model": "product_service_management.category",
  "pk": 148,
  "fields": {
    "name": "Farm Products",
    "type": "product",
    "parent": null,
    "description": "Farm Products",
    "icon": "",
    "is_active": true,
    "featured": false,
    "available_sku": []
  }
},
{
  "model": "product_service_management.category",
  "pk": 149,
  "fields": {
    "name": "Unisex",
    "type": "product",
    "parent": 80,
    "description": "Unisex",
    "icon": "",
    "is_active": true,
    "featured": false,
    "available_sku": []
  }
},
{
  "model": "product_service_management.productcondition",
  "pk": 1,
  "fields": {
    "name": "Brand New",
    "description": "Brand New"
  }
},
{
  "model": "product_service_management.productcondition",
  "pk": 2,
  "fields": {
    "name": "Fairly Used",
    "description": "Fairly Used"
  }
},
{
  "model": "product_service_management.productservicestatus",
  "pk": 1,
  "fields": {
    "name": "In Stock",
    "description": "In Stock"
  }
},
{
  "model": "product_service_management.productservicestatus",
  "pk": 2,
  "fields": {
    "name": "Available for Work",
    "description": "Available for Work"
  }
},
{
  "model": "product_service_management.tag",
  "pk": 1,
  "fields": {
    "name": "Discounted"
  }
},
{
  "model": "product_service_management.tag",
  "pk": 2,
  "fields": {
    "name": "Promotion"
  }
},
{
  "model": "product_service_management.tag",
  "pk": 3,
  "fields": {
    "name": "Reduced to Clear"
  }
},
{
  "model": "product_service_management.tag",
  "pk": 4,
  "fields": {
    "name": "December to Remember"
  }
},
{
  "model": "product_service_management.tag",
  "pk": 5,
  "fields": {
    "name": "New Arrival"
  }
},
{
  "model": "product_service_management.tag",
  "pk": 6,
  "fields": {
    "name": "Other"
  }
},
{
  "model": "product_service_management.attributes",
  "pk": 1,
  "fields": {
    "name": "Color",
    "value": "Red",
    "description": ""
  }
},
{
  "model": "product_service_management.attributes",
  "pk": 2,
  "fields": {
    "name": "Color",
    "value": "Brown",
    "description": ""
  }
},
{
  "model": "product_service_management.attributes",
  "pk": 3,
  "fields": {
    "name": "Color",
    "value": "Green",
    "description": ""
  }
},
{
  "model": "product_service_management.attributes",
  "pk": 4,
  "fields": {
    "name": "Color",
    "value": "Other",
    "description": ""
  }
},
{
  "model": "product_service_management.attributes",
  "pk": 5,
  "fields": {
    "name": "Other",
    "value": "Other",
    "description": ""
  }
},
{
  "model": "product_service_management.attributes",
  "pk": 6,
  "fields": {
    "name": "Size",
    "value": "L",
    "description": ""
  }
},
{
  "model": "product_service_management.attributes",
  "pk": 7,
  "fields": {
    "name": "Size",
    "value": "M",
    "description": ""
  }
},
{
  "model": "product_service_management.attributes",
  "pk": 8,
  "fields": {
    "name": "Size",
    "value": "S",
    "description": ""
  }
},
{
  "model": "product_service_management.servicepricingchoices",
  "pk": 1,
  "fields": {
    "name": "Hourly Rate",
    "description": "Hourly Rate"
  }
},
{
  "model": "product_service_management.servicepricingchoices",
  "pk": 2,
  "fields": {
    "name": "By Day",
    "description": "By Day"
  }
},
{
  "model": "market_intelligence.region",
  "pk": 1,
  "fields": {
    "name": "Ashanti Region"
  }
},
{
  "model": "market_intelligence.region",
  "pk": 2,
  "fields": {
    "name": "Nothern Region"
  }
},
{
  "model": "market_intelligence.region",
  "pk": 3,
  "fields": {
    "name": "Eastern Region"
  }
},
{
  "model": "market_intelligence.district",
  "pk": 1,
  "fields": {
    "name": "Bekwai",
    "region": 1
  }
},
{
  "model": "market_intelligence.district",
  "pk": 2,
  "fields": {
    "name": "Gushiegu",
    "region": 2
  }
},
{
  "model": "market_intelligence.district",
  "pk": 3,
  "fields": {
    "name": "Manya Krobo",
    "region": 3
  }
},
{
  "model": "market_intelligence.town",
  "pk": 1,
  "fields": {
    "name": "Bekwai",
    "district": 1
  }
},
{
  "model": "market_intelligence.town",
  "pk": 2,
  "fields": {
    "name": "Gushiegu",
    "district": 2
  }
},
{
  "model": "market_intelligence.town",
  "pk": 3,
  "fields": {
    "name": "Somanya",
    "district": 3
  }
},
{
  "model": "market_intelligence.market",
  "pk": 1,
  "fields": {
    "name": "Bekwai",
    "town": 1
  }
},
{
  "model": "market_intelligence.market",
  "pk": 2,
  "fields": {
    "name": "Malata Market",
    "town": 1
  }
},
{
  "model": "market_intelligence.market",
  "pk": 3,
  "fields": {
    "name": "Makola",
    "town": 3
  }
},
{
  "model": "market_intelligence.category",
  "pk": 1,
  "fields": {
    "name": "Grains",
    "image": "",
    "parent": null
  }
},
{
  "model": "market_intelligence.category",
  "pk": 2,
  "fields": {
    "name": "Agriculture",
    "image": "",
    "parent": null
  }
}
]
